,message,Polarite
0,"Djou la, t as pa honte avec ta bouche on dirait adjamÃ© la. Maudit la??",-1
1,Allah ka awou dÃ©mÃ¨,1
2,Vive Assim GoÃ¯ta ,1
3,nin Ã±e kibaruya dumanye,1
4,baara gnÃ©na,1
5,Allah ka yine anka fama na.,-1
6,AnitiÃ© ani baara,1
7,"Ala ka hinÉ› an ka kÉ›lÉ› cÉ›w la minu faatura, ala ka nÉ”kÉ”ya kÉ› banabatÉ”w ye, ğŸ˜­ğŸ˜­ğŸ˜­ .' halibi ala ka juwu dÉ›sÉ› k'u fanga ban k'u nagasi ğŸ‘ğŸ‘ğŸ‘",1
8,AnitiÃ© ani baara,1
9,ğŸ˜­ğŸ˜­,-1
10,Allah ka hina  mali finitigi minuw fatura,-1
11,Amina,1
12,Amina,1
13,Amina,1
14,Amiina yarabi,1
15,Amina yarabi,1
16,Thanks you very much sadio kamara,1
17,Amina,1
18,Amina,1
19,Amina,1
20,Fasso,1
21,Amina,1
22,Amina yarabi,1
23,Amina Ini ce ika lase liwla,1
24,Amina ,1
25,Amina,1
26,Amina allah ka dougoaw mine allah mali bo bolola ,1
27,pankurun in bÉ› ma jÉ”li taa,1
28,Nibara yÃ©nadÃ© ala ka an dinmÃ©,1
29,Amine,1
30,"AminÃ© yaraabi, ala ka duwawu minÉ›",1
31,Ameen ,1
32,i niche i ka kouna foni na,1
33,Amina,1
34,C'est le dÃ©but du commencement MALI (FARAFINA)FO SAYA,1
35,on avance seulement,1
36,Vivo mali,1
37,Boubakary Traore  pour votre information...,1
38,"An bi fo kuna foni dili la,ini ce",1
39,Surtout construire les hangars pour mieux les entretenir ,1
40,Abarika Ala yÉ›,1
41,Ogne na an bÃ© ankan niama ou fo o la,1
42,An bi fo kounafoni dilila,1
43,Idrissa Mandeka Keita non vraiment Kow bey ğŸ‡²ğŸ‡± ğŸ’ªğŸ¾ ,1
44,O diyara anw É²e ğŸ‘‹ğŸ‘‹ğŸ‘‹,1
45,FÃ©licitations ğŸ‡²ğŸ‡±ğŸ‡²ğŸ‡±ğŸ‡²ğŸ‡±ğŸ’¯,1
46,FÃ©licitations,1
47,Tare tare,1
48,Gool,1
49,Nous soutenons le trantions ğŸ‡²ğŸ‡±ğŸ¤ğŸ‡·ğŸ‡ºğŸ‡²ğŸ‡±ğŸ‡·ğŸ‡ºğŸ‡²ğŸ‡±ğŸ‡·ğŸ‡ºğŸ‡²ğŸ‡±ğŸ‡·ğŸ‡ºğŸ‡²ğŸ‡±ğŸ‡·ğŸ‡ºğŸ‡²ğŸ‡±ğŸ‡·ğŸ‡ºğŸ‘ğŸ‘ğŸ‘ğŸ‘ ğŸ’¯ ğŸ’¯ ğŸ’¯,1
50,"OnyanA allakA,malideme ",1
51,Kabako,1
52,KabakÉ” dan,0
53,"ne kÉ”ni fÉ›, faransi ka nin bagabagali  kuma ninnu o tÉ› sÉ› ka malidenw  bÉ” u jaa kan.",-1
54,AA nikera kabakoye nÉ›kajatela faransi detaye mali ye,0
55,Famouyali kÃ¨rağŸ¤”,1
56,BÃ©ka hakilikÃ©keleye,1
57,"ne kÉ”ni hakili la ye farasi ka taakabÉ” mali kÉ”nÉ” bi ode dakadi an na, ubÉ›yan fositÉ›kabÉ” gÉ›lÉ›yala",0
58,Bamanankan kanubaw bÃ¨Ã¨ wili k'ijÃ´ yasa bamanankan ka don an ka sariya sunba gafela ,1
59,Haali,0
60,I ye tiÉ²É› fÉ”,1
61,Mun ba jira ko choguel ye cÉ› duman ye ?,1
62,O ka kÃ¨,1
63,HatÃ¨,1
64,Oui Choguel guÃ©rira le Grand Mali avec Assimi GoÃ¯ta.,1
65,Walaye,1
66,ğŸ‡²ğŸ‡±â¤ğŸ‡²ğŸ‡±,1
67,Lakana Kaka ka sabati,1
68,FÃ´ an ka tubabu kanbÃ´ an sariya sunba gafela ka bamanankan don ye  n'o kÃ¨ra o y'an bÃ´lenye tubabuw ka jonyala,-1
69,Ehe,0
70,Akera baraye,0
71,Kabako,0
72,Hum,0
73,Ognena,1
74,O yÃ© mikÃ© Ã  mayi a kado ko sariyatÃ©     malila BÃˆKI TAKÃ‰ MALIKÃ”TÃ‰,-1
75,Alaka anlakana kankisi mogo juguw toroma,0
76,Allah kabo,1
77,O gnena,1
78,O gnena,1
79,O niÃ©na ko sÃ¨bÃ¨,1
80,Mali djoucou  aye amina  aka fono,-1
81,Seydio Dagnon ğŸ˜‚ğŸ˜‚,1
82,La ka tignÃ¨n dÃ¨mÃ¨n,1
83,Allah ka mali dia kosebe ,1
84,O gne n'a,1
85,Oye kunafoli É²umanye ğŸ‘ğŸ¾ğŸ‘ğŸ¾ğŸ‘ğŸ¾ğŸ‘ğŸ¾,1
86,Bara É²É›É²a,1
87,Baara É²É›na kosÉ›bÉ›.,1
88,Ala ka hinÉ› a la,0
89,Ala ka hinÉ› a la,0
90,ğŸ‘,1
91,Anyafamu alakadaminÃ© hÃ©rÃ©la,1
92,Awo,-1
93,Unba inisu,1
94,O bÉ› diya an ye kosÉ›bÉ›.,1
95,"M'ba ni su,  a ya faamu, samiya dona, Ala ka samiya jia",1
96,initchiÃ©,1
97,O be diagne,1
98,O diyara an fana ye,1
99,Adiyara an  ye,1
100,O be dia an ye i bisimila,1
101,Allah ka hÃ¨rÃ¨ kÃ¨ Mali ye,1
102,Æ† Å‹aana,1
103,Ã€ gnaina kosaibai,1
104,Allah ka mali kisi a juku ma,1
105,A kÃ¨ra bara ye,0
106,I farati!,-1
107,Ala k'an dÃ¨mÃ¨,0
108,halibi ala kan mali suman,-1
109,Amina Yarabi,1
110,Amina yarabi,1
111,AMINA.yarabi,1
112,AmÃ¨ne y'arabi,1
113,Amina yarabi,1
114,Amina  y'arabi,1
115,Amina alah ka dugawuminÃ©,1
116,Amina yarabi,1
117,Ala kahinÃ©. Ala,1
118,Alla ka hine a la yarabi,-1
119,Alla ka hine la,-1
120,Ala ka hin'ala,-1
121,Walaye ,0
122,Allah ka nogoya,1
123,Ala ka hinÉ› furew la k'u dayÉ”rÉ” sumaya.,-1
124,ßßß£ßŠ ßßß£ßŒ,1
125,Amina yaraby ğŸ˜¥ğŸ˜¥ğŸ˜¥,1
126,Amen,1
127,Amine,1
128,Amina yarabi,1
129,Aminayarabi,1
130,Paix a leurs Ames,-1
131,Amina,1
132,Allah ki dayoro sumaya,-1
133,"Amina  alla ka,an don juguw kalo dibi la!",1
134,Wo niaana kosobÃ¨,1
135,KabakÉ” ni furu musÉ” majÉ” a jÉ”yÉ”rÉ” la furu kÉ”nÉ” ni musÉ” wÉ›rÉ› y'ijÉ”yÉ”rÉ” ta É”tÉ› basi yÉ› an cÉ›w ni musÉ” min an jiyaÉ²É› kÉ” kÉ› an b'É”dÉ› fÉ›n,-1
136,"o É²É›na ,n'i bÉ› kÉ› misaliye ,musow ma miniw k'a tabolo ye n'i walenya nunuye",1
137,"A gnÃ¨na kodjoukou, Ã  ba takabolo falÃ© sisan, hali mÃ´gÃ´ t'o fÃ´ a yÃ¨",1
138,Ogniale kosÃ©bÃ© alha ka futur ni si bÃ©n,1
139,A wo dusu be TraorÃ© kono de,0
140,Haa ni gnÃ¨ na kobesÃ¨ .,1
141,ğŸ’œğŸ’œğŸ‘ğŸ‘ğŸ˜‚ğŸ˜‚ğŸ˜˜Uuunnmoi bravoğŸ‘ğŸ‘ğŸ™Œ,1
142,Aw sambe sambe,1
143,AmÃ¨ne y'arabi,1
144,Amina yarabi,1
145,Amina yarabi,1
146,Amina yarabi,1
147,Ala ka hinÉ› la ka da yÉ”rÉ” sumaya,-1
148,Ala la hinÃ© ala,-1
149,Ala ka hinÃ¨ a la,-1
150,Allah ka yafama,0
151,Ala ka hinÃ¨ a la,-1
152,"Allah ka hin'a la, ka dayÉ”rÉ” suma.",-1
153,"""N'gala kaa dayÃ´rÃ´ sumaya"".",-1
154,Amina yarabi,1
155,Ala ka hine a la,-1
156,Allah ka hine alÃ .ani anw bÃ¨,-1
157,Allah KÃ¢ hinÃ© ala,-1
158,Rip,-1
159,Ala ka hinÃ¨ a la,-1
160,Rip,-1
161,Mali kotiki fÉ”lÉ” kÉ”rÉ” Modibo Keyita fatura bi sibiri don. Ala ka hin'a la.,-1
162,Ala ka diÉ²'a ma,-1
163,Ala ka hine lÃ ,-1
164,Amina,1
165,Ala ka hine a ni silamesubela,-1
166,Allah ka hinÃª a la,-1
167,Ala ka dayoro suma,-1
168,"Ala ka hin'a la, ka dayoro souma !",-1
169,Ala  ka hine a la,-1
170,Alah ka hin'a la,-1
171,Amine ,1
172,Amina,1
173,Alah ka ine a la,-1
174,Allakahine. Ala,-1
175,Amina yarabi,1
176,Allah ka hinÃ© a la'',-1
177,Ala ka hinÃ¨ ala,-1
178,Amina,1
179,Alakahine ala,-1
180,Alakahineala,-1
181,R I p,-1
182,Amina yarabi,1
183,Allah ka hine a la,-1
184,"Allah ka hinÃ¨ a la ,ka da yoro suman ,ka fara simÃ¨n su bÃ¨Ã¨ kan ,ka yen fisaya ma ni yan ye.",-1
185,ne balimakÉ›  ika nin baara É²É›na kosÉ›bÉ›,1
186,A mi na yarabi,1
187,Amina ,1
188,AmÃ©n y'arabi Allah KÃ¢ doukaw mina,1
189,Amina,1
190,Amina,1
191,Amina,1
192,Amina yarabi,1
193,Amina yarabi,1
194,Amiini Ã  la ka dugawu minÃ©,1
195,Amina,1
196,Amiiiiina !,1
197,Amina yarabiy,1
198,Amina,1
199,Amina,1
200,AMINA YARABI,1
201,Amina ya rabbi,1
202,Amina,1
203,Amiina,1
204,", aminayarabi",1
205,Amina yarabi,1
206,Amina,1
207,Amina yarabi,1
208,Amina ya rabi,1
209,Amina yaarabi,1
210,Amina yarabi,1
211,Amina,1
212,An bi i yere fu ni ka tiesiriye,1
213,Amina yaraby,1
214,Amine allah ka aw bolo mÃ© aw ka bara la,1
215,Amina yarabi,1
216,Amina.yarabi,1
217,Amine,1
218,Amina yarabi,1
219,Amina,1
220,Amina,1
221,Amine,1
222,AminÃ©,1
223,Amina yarabi,1
224,O don,1
225,Amina,1
226,Amina,1
227,Amina yarabii,1
228,Allah ka keneya be ye,1
229,amina yarabi allahou kan an kisi,1
230,Amina,1
231,Amina,1
232,Ala.ka.aw.kisi,1
233,Malien Aw te sabali Aw ka noun datougoulan matarafa doni,0
234,Rip ,-1
235,Allah ka hinne la Allah ka yafaama,-1
236,Rip,-1
237,Rip,-1
238,Allah ka hinÃ¨ a la.,-1
239,Rip,-1
240,Allah ka hina a la!,-1
241,Ala ka hinalaa,-1
242,Ala ka hina a la,-1
243,Allah ka a daa yÃ´rÃ´ sumaya,-1
244,Ala ka hinÉ› a la ßŠ,-1
245,Allah ka da yoro sumaya,-1
246,Allah ka hinÃ¨ ka dayoro sumaya,-1
247,Allah ka hinÃ¨h ala,-1
248,Rip,-1
249,Ala ka hine a la.,-1
250,Ala ka dayoro nÃ¨ma!!!,-1
251,Ala ka hinÉ› Ã  lÃ¡ !,-1
252,Allah ka yafama,-1
253,sumÉ›ila cisse anw yamÉ› bii ko asara allah ka hinÉ›la,-1
254,Allah ka hine ala ,-1
255,Rip ğŸ˜­,-1
256,RIP,-1
257,RIP,-1
258,"Allah ka a la  HinÉ›, Allah ka a dayÉ”rÉ” sumaya  A yan kon kiti mi na, Allah k'o nÉ”gÉ”ya a yÃ© Allah ka anw É²a, ka anw ta don kÉ”nÉ”!!!  Nin juru bÉ› ninma bÉ› la !!  Yarabi !!",-1
259,Allah ka daorosoumaya,-1
260,"BÆ nin i ka wati don, Ala ka an fama a É²É”gÉ” wÉ›rÉ› ma.",-1
261,AllÃ¡ ka hine la,-1
262,Aw maa foko ibk desera,-1
263,"An bÉ› duwawu k'a ye, Allahu ka nÉ”gÉ”ya k'an n'a ye.",1
264,Kabako mali,0
265,Allah ka nogoyake,1
266,Allah ka nogoya kÃ¨ a ye,1
267,allah ka kÉ›Å‹É›ya ka se ke arÉ›ma,1
268,Ala ka nogoya kÃ¨ ala ka mali  basiki,1
269,Allah ka nÉ”gÉ” ya kÉ›.,1
270,kan ba ko do,-1
271,O jnena kosebe,1
272,OniÃ¨na kosebe,1
273,Hum,-1
274,An ka fÉ”li bÉ› u ye,1
275,Alahu akibaru,0
276,"Aw ni tiÉ› aw ka baraa É²umana, hali bi, awy'a tiÉ› siri kÉ”sÉ”bÉ› halisah",1
277,"Foli be duwanyew ye ,nka a ko to kera cogodi? Sabu tuma caman u ba mine ka jira ka tila ka di  o moko kelenw la tun .",1
278,Nin diyara an ye kosÉ›bÉ›  K'a dansÉ› an bÉ› kun.,1
279,A.o.yekoyumaye,1
280,Mali dÃ©nw ko i bissimala,1
281,"I nana o diyara anw ye, I dansÉ›",1
282,A jara anw ye !,1
283,I bora i ka sÃ´ i nana i ka sÃ´!,1
284,An ja la anw ye kosÉ›bÉ› ibis misi la Mali lÃ  anw bÉ› ku Mali bÉ›É› i fo ko sÉ›bÉ› bÉ› ni kÃ¨ ye a laÉ²ini na Mali lÃ  anw bÉ› mÉ”gÉ” minu na ani bugu dalen don minu É²ana bÉ› mÉ”gÉ” kelen bÉ› kuma,1
285,Tabarikala o jara angnÃ© ibissimila an bekun,1
286,ğŸ‘ğŸ‘,1
287,a bisimila Mali jamana kÉ”nÉ” an bÉ› kun,1
288,I bisimi lah,1
289,Ok,0
290,O yÉ› hakilina Å‹uman yÉ›,1
291,A nafa kabon ko sebÃ©,1
292,O kagni,1
293,O kagn,1
294,Oye ko.  Ã‘umaye,1
295,O ye hakilina gnuman ye,1
296,Okangni,1
297,Ok,0
298,O kaÉ²i.,1
299,O kagni kossobe,1
300,o kagne,1
301,"OBI DIYA ANYE, KOSEBE, BAWO, AKADI, ANYE, KA BAMANA KAN, DOBA LA. HAKILINANIKAGNI",1
302,O kan ni. Ni yere ba damine.Nara Mara la',1
303,Odeye kalanw la nafamaye,1
304,okange aw ka group WhatsApp dayÃªlÃ©,1
305,Okangni ko sebe,1
306,O ye hakilina n'yuma ye ,1
307,Ne hakili la o bÃ© n'a k3 sababu ye ka dofara an ka donniya kan Bamanankan kalan na,0
308,O kagni ko sobe ,1
309,"O k'aÉ²ii kosobÉ› kÉ›, ni ya ye kÃ´ anw bÉ› k'a sebÉ› an É²a kalan de kÉ›,oye koÉ²umanye ğŸ‘ğŸ½",1
310,Alah k'an bÉ›mÉ›.,1
311,O ye koÉ²uman É²e kosÉ›bÉ› Ala ka É²É› k'ad'ama.,1
312,"Adama TraorÃ© haa ika ni hakilinaÉ²e kaÉ²i kojuku, ",1
313,OyÃ© kognouma ba yÃ©,1
314,Wa ana fan kabo,1
315,O kan É²i,1
316,O kagni kosobe,1
317,NokÃ¨ra obijanyÃ«kosebÃ«,1
318,O kagni kosÃ¨ bÃ¨.,1
319,Wo nafa kabon koso be,1
320,O ye hakilina yuma ye. Allah kan bÃ¨n kele ma.,1
321,O ye hakilinan youmagne,1
322,Ngala ka barikadon a kow la,1
323,O kagni kosÃ´bÃ¨!,1
324,O ye hail la Ã±uman ye. Ne kÃ²ni be fÃ¨ ka ntÃ²kÃ² sÃ¨bÃ¨n ni o ba la.,1
325,O ka fisa kosebe,1
326,"bamanakan nafa kabÉ”n mali la,kosÉ›bÉ› bawu abi fÉ” ka tÉ›mÉ› mali kan bÉ›É› kan,hali an ka sariya sunba kumaw kakan ka sÉ›bÉ›n bamanakan na,walasa an ka se k,an ka hakÉ›w dÉ”n.",1
327,Alhamdoulillah,1
328,OkayikosÃ©bÃ©,1
329,A,0
330,O ye ko yunman ye ani ko sebela man,1
331,O kaÉ²i kosÉ›bÉ›,1
332,"Bamanakan kalanli yÃ© wadjibi yÃ© anw ma, n'be missali ta faradjela",1
333,O nafakabon ko sÃ©bÃ©,1
334,O ye ko gnuman yÃ©,1
335,"Æ† nafakabÉ” kÉ”sÉ”bÉ›, an kadÉ” bala  kÉ”sÉ”bÉ›",1
336,O kayi kosÃ¨bÃ¨,1
337,O kagni kÃ´ssÃ´bÃ¨,1
338,Ayake abibe,1
339,Nafa bala  kosÃ´bÃ¨,1
340,O kagni  ko sobÃª,1
341,Nafa bÃ¢ a la kosÃ©bÃ©,1
342,"NÃ© koni bolo oyÃ© hakilinanyoumaye, basitala",1
343,"Ah, o ye bara niuma'n ba. Aya lke telephon android kan",1
344,O ye koÃ±umanbaye mÃ© ne bÃ© Ã±inikali kelenkÃ© a tÃ²go sÃ©bÃ©n bÃ© kÃ©jogodi na bÃ© kÃ© abÃ©kÃ© joli,1
345,O hakilina kagni kojugu,1
346,Nebolo moko kanka iyereka kan kalan omanake ibeki yeretaye alhakaw demen,1
347,Awo o akilina kagni,1
348,nafa bala kosÉ›bÉ›,1
349,Oye hakilila nyuma baye,1
350,O kapisa kosÃ©bÃ©,1
351,Aw ni É²akuma ka foli lase aw kÃ¨lÃ¨ kÃ¨lÃ¨ na bÉ›É› ma foh aw sigi yÃ´rÉ” la kala bÉ› damina wati jumÉ›na a b c d e É› f g h i j k l m n É² Å‹ o É” p r s t u w y z bamanankan sigi dew filÉ› mugan ani wÉ”ro 26,1
352,Awo .o kayin kosebe,1
353,Okaayi kosÃªbie,1
354,BasitÉ›,1
355,O koni  nafabala,1
356,BaasitÃ¨,0
357,I dansÃ© ni Ã´ hakilina coura yÃ© !,1
358,Hakilina É²uman tÉ›mÉ›len t'a kan.,1
359,O ye miiriya É²uman ye  NÉ› kÉ”ni n'labÉ›nnÉ› dÉ” k'i ma kÉ”nÉ” sanga ni waati bÉ›É›.,1
360,Hakili ngnou ma ye ohÃ©,1
361,O kadi an ye,1
362,Ode kagni kosebÃ¨ allah ka akoyÃ¨wou nokoya ni aka diÃ¨ye,1
363,O kayi kÃ´sÃ¨bÃ¨,1
364,"Okagikosebe alaka,ademe",1
365,"O yÃ© hakilila nyuma yÃ© ,wa o na kÃ¨ sababu yÃ© ka bamanan kan do sangan la ",1
366,Okayni,1
367,Aye o.wasapou dayÃ©lÃ©,0
368,O kadi a ye kodjoukou,1
369,Oka niue ko sebe,1
370,O be diy'an ye,1
371,Ne kÉ”ni hakili la o kaÉ²i kosÉ›bÉ› baw bamanankan nafa kabo kosÉ›bÉ›,1
372,Odeye antaye,0
373,O kayni kosebe ,1
374,OKAN GNI,1
375,On,0
376,Obi.sokajaawye,1
377,Oye hakilina gnumaba ye,1
378,Ã” kagni ke,1
379,O kagni kosÃ¨bÃ¨ nka a bÃ¨ daminÃ¨ don jumÃ¨ ani yÃ²rÃ² jumÃ¨,1
380,Min?,0
381,"Tamba sidibe oyehakilina, n yuma ye",1
382,O bÃ¨ diya an ye kosÃ¨bÃ¨.Allah ko hakilila yi sinsin.,1
383,Okagni. Kosebe,1
384,Oh kagni kosobe ,1
385,O kai kosÉ›bÉ› Ala ko o yira ankÉ› ne la,1
386,Alla ka anw demÉ› mÉ› ne ba fÉ› ka dÉ” ni a bÉ›É› na kÉ› yÉ”rÉ”jumÉ›na???,1
387,O ka gni ko saibai,1
388,O kaÉ²i kosÉ›bÉ›,1
389,Allah ka to akassa ,-1
390,Tiena a kera baara ye jaman niemoko..,-1
391,awbÃ¨ siran lakana gnÃ¨ katÃ¨mÃ¨ covide19 ka,-1
392,Kuma doron de do walasa kÃ¡ maw hakkili saalo,-1
393,Alaka nogoya,1
394,Rip pour lui-mÃªme,-1
395,Abarka Allah ye,1
396,  NÉ› kÃ´ diagÉ”ya de dÃ´ kÃ´ laÉ²ini ka sabati wa nÃ© fÉ› laÉ²ini de dÃ´ mÉ› diagÉ”ya ah É”ye damatÉ›mÉ›yÉ› dÃ¨ É”h nou yÉ› ou gere don bÉ”gÉ” la É”h babo bÉ”gÉ” la ni allah sÉ”na ma tigi fila tÉ› jamana la kÃ¨ le pÉ›,-1
397,ğŸ˜¡ğŸ˜¡ğŸ˜¡UNTM ABÆÆ YE FASÆ† DEN DJUKU DAMA DAMA FARALE YE ÆÆ†GÆ†N KAN,-1
398,UNTM ya la ahw niete jamanala gelÃ© ya konowa  Bah n'daw ye tou niefo Bara bila ni watiyna i te i yere kalama,-1
399,UNTM jo don baw Bah DAW kuma cogo magnÃ¨. Jamana gnÃ¨ mogo mankan la kuma tan ni gÃ¨lÃ¨ya bÃ¨ jamana kono,-1
400,Heyi anka sabali jamana in sÃ¨nkÃ¨ na ten sa anka to niÃ¨ta ka kÃ¨ ni Dumas bÃ¨Ã¨ bara bila ye mÃ´kÃ´ kele tÃ¨ seka jamana jÃ´,0
401,"Ne bi mi fÉ” Mali denw É²e o de ye Mali hinÉ› tÉ› Mali baara kÉ›law la, sabula ne tise ka famu ko jamana mi bÉ› nimakara la, k'a ye k'o jamana kÉ”nÉ” minu jÉ”yÉ”rÉ” ka bon a la kunu ni la ni Olu kÉ›ra a faga ba ye o bi mÉ”gÉ” dabali ban , nka mana kÉ› É²É› o É²É› ma a ti kÉ› jamana É²É›maw kelen na!!!ğŸ™ğŸ™ğŸ™",0
402,"Anw m'bi dugawu de kÉ› Mali jamana ye sabula hali sisan Mali denw caman da len tÉ› bana ko in na sabula anw taabolo bi o jira an na, n'i ma da fosi la i tise ka o minÉ› sÉ›bÉ› la ğŸ™ğŸ™ğŸ™",1
403,Allah ka hinÉ› u la.,-1
404,Allahou akbar,0
405,Oye galÃ³n ye,-1
406,Alhaka Yaga ouw man,1
407,Aw ni sogom Bamanankan kunnafoni ,0
408,Marak=a bani  Aw yÃ¨rÃ¨ ni su...! Ni te Mali kura sira ye dÃ¨h. Ni ye jamana nakassili sira de ye,-1
409,Alla ka hakili nouma Di Anw bÃ¨ma. Mali dewn,1
410,Doul Kane amina,1
411,"Uni jamana, gnemaw, kasigi, ka, kunma, abana.",-1
412,Sekou Kone ayiwa,0
413,Hummmmmmmmm ?,-1
414,Lassya Cisse awÉ” dÎµ ,-1
415,Untm bafÃ©ka transition ni de tigne,-1
416,Tiecoura Coulibaly cogo di?,-1
417,Na ye UNTM djia oukake fo san kelen faso te djio tan bara bara bilao bara bila,-1
418,Bourama SamakÃ© e delila,-1
419,A ni wa tina a maka,-1
420,Ni tÃ¨ barabila wagatiye kadakan untm ka barabila ni tÃ¨ barabila kuraye malikÃ²nÃ² u kankato transition katemen fÃ²lon,-1
421,Ok alibi alaha  kagyne kadianma,1
422,aye hakili bila wole ngen ni okÃ© la sigi bÃ© diya aw barakÃ©law ye =mogo joliyÃ© malide mogo 20000000 deye olutÃ© baarala ayesabali an ka koto,0
423,n'ka folibe awbeye folo UNTM kabarabila ne ye mounfamouya'ala ou te malika heredefe sitiguiyala oubeseka san bafila ni san mouganifila makono politiquimokow ka djanfa labinlendo kadakan ou sago sorolente sordasiw fe m'be dougaouke Allah ka hakilinyoumandi oubeladjeniman,1
424,Ou ba fe Ke jamana chent,-1
425,Borodian Coulibaly amina,1
426,afÃ´ Bamanankan na,0
427,Amanyan halidÃ´ni ,-1
428,Ne fakilinan ye mi ye= ka ni mogow bÃ© gÃ©n ku bolo bÃ² baara la mali hinÃ© tÃ© ni mogo ninuna,0
429,N baa i ni tiye,1
430,Anbaa ni sokoma,0
431,yÉ›rÉ›ni sogoma kodi bassite,0
432,N be Allah tanu,1
433,I yÉ›rÉ› ni sÉ”gÉ”ma an ka karamÉ”gÉ” muso a kÉ›lan fama ye dÉ› i tununa i ka kalandenw la dÉ› walima tubabu kalan naw bÉ› ka i mina an na wa?,0
434,An ban hÃ©rÃ¨sira,0
435,"Nbaa, n bÉ› hÉ›É›rÉ› la! e dun i ka kÉ›nÉ› wa? An ka fÉ”li b'i ye diÉ²É› dÉ”n bÉ›É› yÉ”rÉ” bÉ›É› ani tuma bÉ›É›, an bÉ› mangala deli  a ka demÉ› dÉ”n   An ye; ka haminankÉ”w É²É›nÉ›bÉ”  A ka sii jan ni kÉ›nÉ›ya di an ma amiina yarabi!",1
436,Amba i ni sogoma,0
437,"Ahabaa torositÃ©,ya",1
438,Edeye karamokoye  Awoukoniye   kaladewouye   somokobedi  oukakene  Afanabeya  bassifossitana  Abe  Allatanou,0
439,Folidabora karamokow dama dekama wa belajelen,0
440,aw deye bamanaka karamokowy  wa aw deni folikaka tumabe,0
441,KÉ” karamÉ”gÉ” musÉ” yÉ›rÉ› ni sÉ”gÉ”ma i ni cÉ› i ka cÉ›ri la ka kunafÉ”ni É²uman di an ma jamana kÉ”nÉ” an ka tÉ” dun kan na,0
442,KÉ”di hÉ›rÉ› sira?,0
443,An ba!,0
444,NBA ni soukoma,0
445,Nba,0
446,Ubaa,0
447,Aw ni sogoma mali de Awu be ka kan ka douwavou ke mali ye Allah ka bensanti mali la,0
448,Anba inisÉ”kÉ”ma,0
449,Aha baaa,0
450,"Anbaa, hÉ›rÉ› tilenna wa ?",0
451,Allah ka sababou niouman Di anma,1
452,I yÃ¨rÃ¨ fo len do,0
453,HerÃ¨ sira,0
454,KaramÉ”kÉ” jolen ,0
455,A ka na sira fara fiya de fÃ´lÃ´ a lÃ© debi laba,0
456,Professeur ((((KO oo wi )))),0
457,NÄ— bolo ni quatriÃ¨me albitri ko iyÃ© farafidÃ© yÃ© omakanga itÃ´rÃ´ saboula iyÃ© farafidÃ© yÃ©.,1
458,MÉ”gÉ” siya fÉ”li ima o tÉ› kojugu ye nka a fÉ”ra sabu de bi a kÉ› kojugu ye a ni afÉ”yÉ”rÉ”,1
459,Ne bolo alfitiri ni kanka.bolobÃ´.bara ina,0
460,Mensonge virus,-1
461,"Aw ni sÉ”kÉ”ma m'balimaw, koronavis jukuya sababu ye Mali denw ka tulo gÉ›lÉ›ya ye sabula kabini bana in nana Mali la mÉ”gÉ” caman ko tuÉ²É› tÉ› ma b'i yÉ›rÉ› kun nÉ›kÉ›n nka i tise ka ala nÉ›kÉ›n abada , dÉ”kÉ”tÉ”rÉ”w de bi bana É²É› dÉ”n alimamiw de bi seli É²É› dÉ”n , wa fana mÉ”bili dilan naw de bi mÉ”bili bana dÉ”n",1
462,Amina ,1
463,Ayena,1
464,Ko bÃ¨ bi ba bolo. An bÃ¨ be na sah tan tioko de la. MÃ´nÃ¨ ni mÃ´nÃ¨.,-1
465,"Ala mana min kÃ¨,wo dÃ© kan'y.ala ka mali dÃ¨mÃ¨.ka malidenw kisiğŸ’ğŸ’",0
466,An baa ni su.  A gnana kossobÃ¨ an ga ta dron. Tow ban sÃ´rÃ´ sira  ğŸ˜œ,1
467,A akagni ta Å„Ã¨ hakilila,1
468,Allaka ou dÃ¨me ka mali ta niÃ©,1
469,Ne hakilila a sigi cogo gnana sabu a bÃ¨ kÃ¨ra demisew ye.,1
470,ALLAKA BARAGNE OUBOLO OUKADO KOUSIKIRA MALI ANI MALIDENW DE KAMA OUKANAGNINA OKO ABADAAA,1
471,âš½ï¸ğŸ•ŒğŸ’´ğŸ’¶ğŸš«âŒâŒâŒâŒâŒâŒâŒâŒ,-1
472,Allah ka malikura kÃ‰ Malidenw bE sakoye baw o deye Malidenw ka layiniye,1
473,"ala ka akÃ© hereye jamana ma nka Oumar Marko mana oma bÃ© ne m'a nka an bÃ© duwawu kÃ© mogo,ninuye,alaka,udeme,amiina",1
474,Maw munu ba kono sigui cogo kagni  . Aw bÃ© kula djÃ¨ uka bara bolola. Mali kura Anw Amina ko do . Allah ka su here di ama....,1
475,Ayiwa commi CNT siguilakaban anwbee ka djen ka dougaouke an ka Malibaye Allahou ka ake hereye anwbema Allahou ka Malibo diguenkono,-1
476,Allah ka u sigi kun kÃ¨ Mali koyÃ©.,1
477,Mali ko bÃ©n allah bolo Ã  tÃ©n bolo djuku kan allah ka Mali taka djÃ© mali dÃ©h bÃ©n fan Ã´ fan fÃ©n allah kÃ©n taka djÃ© di u bÃ©la dÃ©ile ma ne ko allah neko Ã  kirra ğŸ™ğŸ™,1
478,"Aw ni su bamanankan dunkew ala ka jamana denw bÉ›n kelen ma, o kÉ”fÉ› an m'bi fÉ› ka dÉ”É”ni fÉ” aw ka masala kan anw kÉ”ni hakilina ye u k'u jija ka kÉ› tuÉ²É› dÉ›mÉ› bakaw ye ka Faso ka É²É›ta sira É²ini jamana É²É›maw fÉ› hakÉ› É²ini cogo É²uman na",1
479,"Aw bÃ¨ ni su, ne bolo a sigi cogo magna bawo a ye a yÃ¨rÃ¨ sÃ´sÃ´. Ni kÃ´ni bÃ¨ an segi kÃ´fÃ¨.",1
480,KabakÉ” janfa jamana tÉ› kÉ› foyi yÉ› ni É²É”gÉ”n taa tiÉ²É› a ni jÉ”yÉ”rÉ” É²ini tÉ› ibk tara dÉ”n bÉ›na anw mali dÉ›nw b'afÉ” kÉ” ja kÉ” al ni ibk tun tÉ”r'anÉ”na al kÉ” mÉ›n tatÉ› ni ngalÉ”n ni nanbara yÉ› san kÉ›mÉ› kÉ› bÉ”li la tiÉ²É› tilÉ› kÉ›lÉ› ba ci wa ni nanbara ni ngalÉ”n yÉ› jamana o jamana jÉ” É” ngalÉ”n kÉ›lÉ› ni nanbara ba ci ngalÉ”n ti mÉ›n bÉ”li la ka tiÉ²É› tÉ” yÉ›,-1
481,Ala ka an kisi politikimswtÃ´rÃ´ma,-1
482,"ANKA, FOLI, FOLO, BAMANA KAN, KUNNAFONI DI, BAGA, NEFE, WASADENW, SIGI, TOGO, MAGNE, HALIDONI, NEFENE, BI GNIN, NIGALIKE, MOGO 23,MI SARA, NIYE, OBANEYEWA.?",1
483,Ne te politikila.ALLAH ka nfasso  mali ke ALLAH saguo ye,-1
484,CNT YE MOUYE?,0
485,Alaka an deme ,1
486,CNT ni ye fuleye. a mÉ”gÉ”w ti na foyi É²É› Mali yiriwali ko ra kamasÉ”rÉ” o ka jonyabarala nasaraw ye. An ga sigi ka filÉ›.,-1
487,Ne bolo mali denbe kakan ka ni  taralisio deme puru jamana besekabo ni porobilena,-1
488,Allah ka r de sira nÃ´gÃ´ya,1
489,A sigi cÃ²go niena ne be' dougawu ke ala k'udeme,1
490,aw ne ka koumaw Jana ,1
491,I  siki i   ka. Fle,-1
492,"CNT sigira, n'ga ba kan dÃ¨. Baara minouw bÃ©na kÃ¨ ou fÃ¨. Yalima o bÃ©na bin, charia ba , hakilinaw la waaa",-1
493,SÃ´rasiw ka to fangala waati bÃª,0
494,Ala ka ukÃ© barakÃ©lawye ala ka jamanakisi  ala ka an demin,1
495,Madou sissoko Allan ka mali jabenla,1
496,Alla ka no koyaye,1
497,Fanga nin labanan sordashiw bolo koy,-1
498,Amina,1
499,Amina,1
500,Amine,1
501,Amina,1
502,TarÉ› tarÉ› ala ka jamana É²É› a ka wati kÉ”nÉ”,1
503,Amiina,1
504,OyanakosÃ©be,1
505,Allah ka Fagan lakanda,1
506,Amina yarabi,1
507,Amina yaraabi ini ce,1
508,Alla ka kow nogoya ,1
509,Sosoro tara.sosoro.nana,-1
510,Ala.ka.kow.keawsakoye,1
511,Ok,1
512,Ala KA na ke nineye,1
513,An ba ini su,0
514,marahaba,0
515,Ini su,0
516,Sekou Kouressi basi t'a la.,1
517,O Diarra aw yÃ©,0
518,Moussa Doumbia i dunbuya,1
519,Adama Doumbia i dunbuya!,1
520,Marhaba,0
521,An baa  Kow bÃ¨ di,0
522,Mahamadou TourÃ© turekÎµ kow kaÉ²i barisa kÎµnÎµya bÎµ,1
523,Eh  walaye   akÃ¨ra fama yÃ©. Mais Kodi hÃ©rai kÃ´undo deh,0
524,Maoua Diakite awÉ” basi ten yi,0
525,ADiarra Anw ye bamananka Bismillah,1
526,An banisu akerafamaye mÃ© an wu kanasÃ´nimadÃ© anfamanaka kunafonijÃ©le sÃ´rÃ´dÃ©,0
527,A ini fama dÃ´di,0
528,A kera famaye ğŸ‡²ğŸ‡±,0
529,Abaanisu Ã¨ni fama ikakene,0
530,A toun kÃ¨ra wati ni yÃ©,0
531,A toun kÃ¨ra wati ni yÃ¨,0
532,"An baa iyere ni gnatuma , i gnenefi tunbe anw na. ",1
533,"Nba, a tun kÉ›ra fama ye de. kÉ”li baasi te i la? Ngala ka demÉ› kÉ› ka haminankÉ”w É²É›nÉ›bÉ” ka laÉ²ininw sabati!!! Ka tilÉ› hÉ›É›rÉ› caya!",0
534,A toun kera fama ye,0
535,AkÃ©ra famaye,0
536,Allah ka sigui dia,1
537,AkÃ©ra famaye,0
539,AkÉ›ra ye ini fama koiyi,0
540,wa l'ahi,0
541,okay,0
542,Can'a kun kÉ›ra famaye dÉ›  KÉ”ri basii tila ?,0
543,Ayiwa. KÃ´nibasi kÃ´nite alakanabasikeye,1
544,BaasitÃ¨,0
545,I dense,1
546,I ka bamanankan seben djo ko fale doni ode kani nebolo ğŸ‡²ğŸ‡±ğŸ™ğŸ¼,1
547,Ok,0
548,An ba!,1
549,Ok,0
550,Mara ka ba iyÃ¨re bedi......,0
551,I tun ye anw bila o tun ka di? ,0
552,Ok,0
553,Ini fama sa,0
554,Anbah ,1
555,maraha bah ala ka kanuto,1
556,Ok,0
557,Bamanankan alhamdoulillah ,1
558,O don,1
559,Kani bassi tÃ¨ aw la?,1
560,A tun ban kÉ”nÉ” ko i É²inÉ›nan koyi. An y'i ka sufÉ› foli laminÉ›,1
561,Okera,1
562,Madou sissoko borÃ´n,1
563,"An baa ,kÉ”ri basi t'i la?",0
564,Allah ka dayoro Soumaya,1
565,Allah la hinai ala,-1
566,Ala ka bon,1
567,Allah KÃ¢ hinÃ© fure la,-1
568,Ã€ la ka hine,-1
569,Allah la.hineala.att,-1
570,Amina yarabi,1
571,Alla ka yafa  ma,-1
572,Inna lilahi wa inna illahi radjioun  Que la terre lui soit lÃ©gÃ¨re ,-1
573,Amina,1
574,Allah ka hina la.,-1
575,Allah ka hine a la ka jigin Yoro ben aljana ma ,-1
576,AllÃ¡ ka hine allÃ¡,-1
577,Allahou-Akbar,0
578,Allah ka hinÃ¨ a la,-1
579,Allah ka hine a la  ka dayoro nema Amina,-1
580,Ala ka hinÉ› a la,-1
581,Rip,-1
582,Allah ka hinne la Allah ka yafaama,-1
583,Ala ka hine alağŸ™ğŸ™ğŸ™,-1
584,Allah ka ya fa aman,-1
585,Allan ka hinÃ¨ a la,-1
586,Ala ka hinÉ› a la! ğŸ˜­ğŸ˜­ğŸ˜­ğŸ˜­ğŸ˜­,-1
587,Ala kahine,-1
588,Amina ya arabi,1
589,Allah ka hinÉ› a la.,-1
590,Ala.ka.sine.ala,1
591,Rip,-1
592,Allah ka hine ala ka dayorissoumaya,-1
593,Ala ka daa yoro sumaya,-1
595,Ala ka hinE a la ,-1
597,Amina,1
599,Rip,-1
600,Ala ka hine a la,-1
601,Inna lilahi wa lnna li radjioun coulina  ousi ja Ã¯ka  tou ma outi Toute mes condolÃ©ances Ã  la famille TourÃ© et tout les peuples Malien ,-1
603,Rip,-1
606,Aw ni sÃ´gÃ´ma kÃ´ ni basitÃ© aw la Ã  la kahÃ©r kÃ© an ye,1
607,Ã” kÃ¢gnÄ«,1
608,Ka daka Soumaila CissÃ© bÃ¨ ma millions djo yoro lÃ  mali kono,-1
609,"Ka mogo, ni kisin, ofemeye, belebeleye, halida, Oma, ne, bolo ake togognena.",-1
610,"NisÉ”diya kow! Dusu kasi kow! KÉ”nÉ”gan kow !  NÃ© NisÉ”diyara Sumayila Cise ka labilali la, a tun É²É›nafi ban na!  NÃ© dusu kasilendo, jihadikÉ›la nunu ka labilali la! Sabula, Nunu ce kelen kelen bÉ› minÉ› na Malidenw joli bÉ”ni la!  U ka baara yÃ© mÉ”gÉ” faga yÃ©, dugu jeni , muso , demisin, hali suman, fosi ti tÃ´,!  Ka o ce 230 labila sÉ”gÉ”mada kelen, hadamaden kelen kama haali ni o ye Sumayila yÃ©, ne ma NisÉ”diya ni kow na fiyeu !!  Ni Ce 230 yÃ©  balawu yÃ© Maliden bahirika ka jiÉ²É› labÉ” ma ! DÉ” farala anw Malidenw ka Siran, kÉ”nÉ”gan, ani anw ka jawili kan !!  Anw ka lakana masÃ© ka É²É›nabÉ” anw ka ArmÃ©e fÉ› fÉ”lÉ”, ni ÆÉ›maa kuraw yÃ© dÉ” fara jihadikÉ›law hakÉ› kan, An bÉ› t'anw ko mi? Ka t'anw ja mi ???  Allah ka Malidenw kisi !!! ",1
611,Kamu bana pewu Gaoussou i y'a bÃ¨ fÃ´. ima nÃ´gÃ´ foyi t'ola kuma gnÃ¨ma,-1
612,I ni ce!   KaramÉ”gÉ”,1
613,Amina.ala ka dugawu mine,1
614,A nana wa?,0
615, Bi ta yÃ© tigne wa ? ,0
616,BasitÃ©ya kalaba coro badala,1
617,Umbah aw ni sÉ”kÉ”ma ala ka jamana diya ala ka anw bÉ›n kelen ma,1
618,"Anh bah, toro si tai an na. Soumaila ko kibarou de ne.",1
619,Anw bi Allah tanu ALLAH ka tile here di anbeema,1
620,Waye aw sira herela kibaruya mini beye wuye bamanaka sikinide bente neka tÃ©lÃ©phone n'a,1
621,"Ambaah, a k3ra la fila ye",0
622,Seydou Traore Amina arabi ala ka duaw minÉ›,1
623,Aw ka page kadi n'ye kojugu,1
624,mali kÉ› diya dÉ”rÉ”,1
625,Seyidou gÃ¨n ni kagni ni gnÃ¨mÃ´gÃ´ magni.,-1
626,Tine,1
627,I ni ce i ka nin kÉ”rÉ”fÉ” la. Ne ye famuyali caman sÉ”rÉ” a la.,1
628,"Kuma É²ana !!  N'ga haalibi, ni walew bÉ› sÉ”rÉ” du kelen kelenw  kÉ”nÉ”, Haalini a man can !!  Ni walÃ© nunuw   yÃ© anw ka Mande jamanaw danbe jÉ” sen belebele yÃ© !!! ",1
629,Anw tunun la dÃ¨,-1
630,"Bi Bangebagaw ka saliya, u Ka bolo jigi maara ani den ladamu la,  Ka  fara o kan, jabarani, simartifoni,  bÉ”lÉ”lÉ” ani jiÉ²É› sariya kura no yÃ© mondialisation yÃ©, Ninun bÉ› nana An ka bi maara  gÉ›lÉ›ya anw bolo farafina Danbe kÉ”nÉ”!  Ne bÉ› n'yÉ›rÉ› É²ininga, yaala   anw na se  ka É²emaw sÉ”rÉ”, É²É›maw munu bÉ› na ni jiÉ²É›laban fÉ›n Ninun  latilen ka dan sigi u kÉ”lÉ”lÉ” la wa ???",-1
631,Hali sisa anw ga dun kÉ”nÉ” anbÉ›É› bÉ› dumuni kÉ› file kÃ¨lÃ¨ kÉ”nÉ” Å‹a ni tagara dugubaw kÉ”nÉ” Olu de tÉ› dumuni kÉ› file kÃ¨lÃ¨ kÉ”nÉ” sabula danbe la gosira dugubaw de kÉ”nÉ” anw fÉ› togodala anw bÉ› anka Soni kÉ› akÉ› cogola wa Å‹a ka fÉ” aw fana ko É²É›man kotÉ› ni kÃ´ in ye dÉ› sabula mara nÉ› damina guwa de kÉ”nÉ” ka sÃ´rÃ´ kana dun kÉ”nÉ” kana dugu kÉ”nÉ” ka sÃ´rÃ´ kana jamana kÉ”nÉ” wa ni mÉ”gÉ” ni mara min bÉ”ra ika dun kÉ”nÉ” ini odebÉ›na jamana kÉ”nÉ” ka aw foo ka fÉ” ko aw ni wati faso deÉ²umaÉ²ala,-1
632,BÉ› kÉ›ra Å‹anamu Å‹anamu kÉ›laye bÉ› ko nÉ› ta nÉ›ta odeye kow bÉ› tiÉ²É›,-1
633,ika bi kunafÉ”ni faamuna kÉ”sÉ›bÉ› bamanankan nka farafinÉ²a bÉ›na tiÉ²É› ka t'afÉ› bawÉ” tabÉ”lÉ” kÉ›lÉ›n tÉ› mÉ”gÉ” o mÉ”gÉ” la É”ka mÉ”gÉ”ya tÉ›sÉ› ka yiriwa anw farafinw kÉ” arabuya anw kÉ” tubabuya anw kÉ” farafinÉ²a ibÉ› jiÉ²É› dÉ” dÉ› kÉ” dÉ› anw farafinw kÉ” arabuya ani tubabuya farafinÉ²a bana anw tÉ› na kÉ› an  yÉ›rÉ› tuguni kabakÉ” farafinÉ²a kÉ›ra farafinw ma malÉ”ya yÉ› kuma bana fÉ›n wÉ›rÉ› tÉ› yÉ›,-1
634,Ecran Niagane Tiakadugu Karata É²akanÉ› karata i kumana kuma kaÉ²i kÉ”sÉ›bÉ› tabÉ”lÉ” kÉ”rÉ”w bÉ› karata alsa nka  jantÉ” yÉ›rÉ› la kaÉ²i nÉ”tÉ› arabuya in bÉ›na cama dabila dÉ›,-1
635,"Samu aleyikum bamanankan mÉ”gÉ”w, Alihamudu lilAAhi ! Kumaw É²É› kosÉ›bÉ› ğŸ‘ğŸ‘",1
636,"Babu É²É›na,bamana danbe kÉ”rÉ”w bina ,maloya banan, bonÉ²a banan ,hÉ”rÉ”nÉ²a banan, bi sera anw mako tÉ› kÉ”rÉ”len na tuguni wa shinin bi kÉ› cogo di? Anw tÉ› o sidÉ”n, anw ba É²ini ala fÉ› a ka bÉ”da É²uman di anw ma!!!ğŸ™†ğŸ™†ğŸ™†",1
638,Kosobe,1
639,O ka gni,1
640,Ala ka u fanga se jamana in kÉ”rÉ” ala k'a to jamana denw yÉ›rÉ› dama ka É²É”kÉ”n minÉ› ni faso den É²umanÉ²a ye!!!,1
641,Seydou Traore amina ,1
642,Amina yarabi.,1
643,Allah ko wu ke,1
644,Allah ka  mali ta Ã±e,1
645,San tan kuma kÉ›lÉ›n kuma kÉ” tÉ› a waleyali kÉ” dÉ” nÉ”tÉ› bi m'an bila ka yuruguyu kuma in fÉ”tÉ” mÉ›n a baara dÉ› tÉ› kÉ› a kuma fÉ” Kadi da la nka atÉ› kÉ› mÉ”gÉ” si ka yÉ›,1
646,ha.tÃ©.ala.ku.dÃ©.mÃ©,1
647,franci ka aku na kalata,-1
648,Mach Allah,1
649,O diyara an ye kosÉ›bÉ› An ka fÉ”li b'a ye?,1
650,Bonne fÃªte  mon gÃ©nÃ©ral,1
651,an ka bÃ©n kelema,1
652,A n'a ka dakabana finiwğŸ˜ğŸ˜,0
653,Vive. GÃ©nÃ©ral Amadou Aya Sanogo,1
654,Mali ka kan ka nafa do sainai na walassa ka dou kafa la sabati.,1
655,SÃ©nÃ©.  Bakamaraw. Walasa. La. Mali yiriwa,1
656,Allaka Mali dÃ¨mÃ¨ yarabi,1
657,WALIKAN MANFISA NI IFAKANYE,0
658,"Mali ka kan ka wasa don fÉ› mi na o deye anw yÉ›rÉ› kun ka kanw kalan niye, sabula san 60 anw bÉ› wali kan kalan anw ma se ka bÉ” nÉ”gÉ” la, an ka kan ka o bila ka yÉ›rÉ› ta lajÉ›, ni o kÉ›ra an ka kan ka bÉ”da sÉ”rÉ” yen, sabula jamana si tÉ›se ka ta É²É› ni kalan ko É²uman tÉ› jamana in kÉ”nÉ”, o sababu la anw nÉ”rÉ”len do wali kan na san 60 anw ma se ka bÉ” dinkÉ› kÉ”nÉ” an ka kan k'o bila!!!",1
659,Bara an ni clÃ© ne ya â¤ï¸ğŸ‡²ğŸ‡±ğŸ’ªâœŒï¸,1
660,Mali dew kakÃ©ladiriye,1
661,"Ne bolo, an ka kan k'an wasa don fasokanw na walasa an ka bÉ” nÉ”gÉ” la, sabu n'i ye jamana o jamana ye k'o yiriwalen don, e k'o jate minÉ› kosÉ›bÉ› i b'a sÉ”rÉ” o bÉ› baara kÉ› a ka kan na. San 60 an bÉ› tirikitÉ”rÉ”kÉ” la jÉ”nya la ko yÉ›rÉ›mahÉ”rÉ”nya dÉ”wÉ›rÉ› tÉ› o fransÉ›kan de bÉ› ka an ka É²É›taakunw geren. Ale mÉ›nnen tÉ› fasojama fanba fÉ›. N'i y'a ko caman bÉ› ka kÉ› jamanadenw t'a kala ma, u bÉ› labÉ›n kan na kan u t'o mÉ›n. FÃ so si tÉ› se ka jÉ” n'i ka kan tÉ›. Fo an ka an ka kanw ta ni sÉ›bÉ› ni barika ye. Ne hakili la n'o KÉ›ra, o bÉ› da zana na. ",1
662,Malidenw ka kan bÉ› kÉ›lÉ› ma walasa Mali ka yiriwa ğŸ‡²ğŸ‡±Mali ye an bÉ› taa ye na a É²ana a É²ana a de ye. Na a ni jie na a jie a É²É› ye,1
663,Aw ni waati? Bamanankan nka fÉ”li b'i ye Ani bamanankan kanu Baa bÉ›É› ye.  i ka nin barÉ”ni lasÉ›li diyara n'ye kosÉ›bÉ›.  ne kÉ”ni fÉ› ; mali ka kan ka wasadÉ”n fÉ›n damadÉ” de la  O fÉ›n damadÉ” ye jumÉ›n ye kuma bakurubayala n'É” ye Baara ye   sÉ›nÉ› b'É” la  baganmara b'É” la mÉ”ni b'É” la jagÉ” b'É” la o n'a É²É”gÉ”nna caman  ani kalankÉ” fana ani laadiriya  ka jamana kanu k'a bila fÉ›n bÉ›É› san fÉ›.  ne bÉ”lÉ” N'an ye An cÉ›siri  Nin kÉ›walÉ› ninnuw fÉ› a ka ca Ngala fÉ› An ka jamana na sÉ› ka bÉ” nÉ”gÉ”la dÉ”n na taw la.  Ngala ka mali basigi ka bÉ›n ni kÉ›lÉ›nya ni kanu dÉ”n malidÉ›nw ni É²É”gÉ”ncÉ› amiina yarabi!!,1
664,ğŸ˜­ğŸ˜­ğŸ˜­,1
665,FO.nata.ka.dabila.ka.dukojukuya.kÃ©lÃ©.ni.o.makÃ©.fosi.tÃ©.yÃ©,-1
666,Rokia Diallo an ni benga mara ,1
667,Mali kakan k'a wasa don a yÉ›rÉ› la É²É›mÉ”gÉ”w ka hami ni Faso in ye sa É²É›taa b'o sela.,0
668,Vive armÃ©e Malienne,1
669,Anw ka wolomasiri ta baw an b'aw koğŸ’–ğŸ’–ğŸ’–ğŸ’–1,1
670,Merci ibk ,1
671,Vive la verite vive le mali Ã¨e mali attention le France iis sont lÃ  pour nous tuer,1
672,ğŸ’ªğŸ’ªğŸ’ªğŸ‘â¤ï¸â¤ï¸,1
673,Allah ka san caman jiira an n'a . Kunu Mali  bi Mali  sini Mali,1
674,"An ka yÃ¨rÃ¨ma hÃ´rÃ´ya San 60 tÃ¨  tignÃ¨ ye. YÃ¨rÃ¨ma hÃ´rÃ´ya dan na modibo keÃ¯ta tele ma, bawo an ka wari tun  b'a an bolo ani an ka balow etc... Mali ka yÃ¨rÃ¨ma hÃ´rÃ´ya ma tÃ¨mÃ¨ San 8 kan . bi dÃ©yÃ© an ka jonya San 52 nan yÃ©.  An mako bÃ¨  Mali kura de  la. Walasa ka an ka yÃ¨rÃ¨ma hÃ´rÃ´ya sÃ´rÃ´.   22 septembre 2020 Ã  la place d'indÃ©pendance Ã  14h pour un mali nouveau. ",1
675,Amina yarabi,1
676,Walay iya ciye FÃ´de YerÃ©dÃ´n kabusa YÃ©rÃ© Neguema Alaka Mali jo,1
677,Amina  Yarabi,1
678,Amine bonne fÃªte de l'indÃ©pendance du Mali,1
679,Amina ya rabbi Ala ki ka dÉ”wawu minÉ›. Ala ka an sakÉ” ka an ye,1
680,Amiina yarabi,1
681,Aw sanbe sanbe,1
682,Amina amina ,1
683,Amina yarabi,1
684,Amina lahou,1
685,Amina yÃ¢ Raby,1
687,halibi ala kan mali tanÉ²É›,1
688,Amina,1
689,Bonne fÃªte d'indÃ©pendance dans la dÃ©pendance anka ta an ga bla,1
690,Allah mali kanu dun asonkuna,1
691,Dieu merci bonne chance,1
692,Thie Diallo bien comment vous Ã©crivez en  bambara ,0
693,Thie Diallo Amina Yarabi,0
694,Allah ka kow tÉ”w É²a Yarabi,1
695,Je crois que le drapeau n'est pas installÃ© dans la bonne direction !!!,1
696,Ala ka dayoro nema,1
697,Repose en paix,-1
698,AMINA,1
699,Alla ka hinÃ© ala,1
700,Repose en paix,-1
701,Rip,-1
702,Allah ka yafama,-1
703,Rip,-1
704,Amina,1
705,Thino Tora ne regarde pas la position du drapeau mais regarde plutÃ´t la position par laquelle la photo a Ã©tÃ© prise!!!!,0
706,Abdoul Aziz Mahamane Eh oui tout Ã  fait d'accord ğŸ‘Œ,1
707,Paix Ã  son Ã¢me. ,-1
708,Amina yarabi,1
709,Paix a son Ã¢me,-1
710,Amine,1
711,Repose en paix mon papa,-1
712,Amina,1
713,ğŸ˜­ğŸ˜­ğŸ’”,1
714,GÃ©nÃ©ral Ni tachi bla ka kan,-1
715,Allah ka hine la Allah ka yafaama,1
716,Que la terre lui soit lÃ©gÃ¨re amen.,1
717,Allah ka hine ala ani silame soubela yaraabi ,1
718,Amina,1
719,Oyana kobebilaban allÃ¡ tala,0
720,Allah la hinin ala ka dohn a ka aridjinin kÃ´non,1
721,Alla ka hina la,-1
722,Dors en paix ğŸ™,-1
723,Ala ka yinala ka yafakama,-1
724,Ala ka hineala,-1
725,Rip ,-1
726,Allaka yafa a ma ka hinÃ¨ ala ka an mbÃ¨nia ka an ta donkÃ³nÃ³ yarabi. ,-1
727,Repose en paix paix PAPA GÃ©nÃ©ral Allah ki dayoro suma,-1
728,ğŸ˜¥ğŸ˜¥ğŸ˜¥ğŸ˜¥ğŸ˜¥,-1
729,Paix Ã  son Ã¢me,-1
730,D'aprÃ¨s lui mÃªme c'est pas nÃ´tre acien prÃ©sident qui est dÃ©cÃ©dÃ© mais plutÃ´t le putschiste qui est dÃ©cÃ©dÃ©  Tout mes condolÃ©ances aux familles.,-1
731,Cv,1
732,OK,1
733,aw ni su? bamanankan i ka sÉ›bÉ›nni kÉ›cÉ”gÉ” fiÉ²É›n dÉ”É”nin b'A la. barisa kuma turula a kunka.,1
734,Ok,1
735,O ya na,1
736,ni ha ka yera bi mina ala kou latike,1
737,Eh allah ka dayÃ´rÃ´ sumanğŸ¤²ğŸ˜­ğŸ˜­,-1
738,"Aminaa,mun tun bÃ¨ ala?",1
739,Ã€ la ka hinÃ¨ a la,1
740,Allahu akibaru inalilahi wa inailayehi rajiuna. ,1
741,Ala ka Hine  ala,-1
742,Rip,-1
743,Tout mes condolÃ©ances Ã  mon PrÃ©sident prÃ©fÃ©rÃ©,-1
744,Allah ka dayoro sunma,-1
745,Amine ,1
746,Allah ka dayÃ´rÃ´ nÃ¨ma a yan kon kiti mina Allah ko nÃ´kÃ´ya ,1
747,Rip,-1
748,Ama dÃ´gÃ´ ya dai abana dÃ©Ã© Allah ka hinai,-1
749,Paix Ã  son Ã¢me,-1
750,Rip,-1
751,"Allah ka hine ala ,ka a dayoro soumaya",-1
752,Alaka  hier Ã  la,-1
753,Ina li lahi wa ina ilayehiradjiouna,0
754,ğŸ˜­ğŸ˜­,-1
755,Paix Ã  son Ã¢me,-1
756,Rip ğŸ˜­ğŸ˜­ğŸ˜­ğŸ˜­,-1
757,Rip ,-1
759,Rip,-1
760,Allah ka  hina y la touramanka chi Mali tena gnina y kÃ´wğŸ˜¢,-1
761,ala kahinala,-1
762,ğŸ˜¥ğŸ˜¥ğŸ˜¥ğŸ˜¥ğŸ˜¥,-1
763,Ngala ka hinÉ› a la! K'a dayÉ”rÉ” suma! ka mÉ›lÉ›kÉ› É²uma sigi a kunna! ğŸ˜­ğŸ˜­ğŸ˜­ğŸ˜­ğŸ˜­ğŸ˜­,-1
764,Que  son Ã¢me  repose  en paix,-1
765,ğŸ˜­ğŸ˜­ğŸ˜­ğŸ˜­ğŸ˜­,-1
766,ala ka hÃ©nÃ© a la ka dayÃ²rÃ² sumaya,-1
767,Amina yaraby,-1
768,ala ka hine ani silamesu bÃ©Ã©la ka yafama,-1
769,Paix Ã  son Ã¢me,-1
770,Traore v                  rip,-1
771,Rip,-1
772,Allah Akbar Dort en paix le gÃ©nÃ©ral,-1
773,que Dieu le protÃ¨ge,1
774,Paix a son ame,-1
775,"Allah ka hine ala ,ka a dayoro soumaya",-1
776,Rip ğŸ˜­,-1
777,ğŸ™†ğŸ™†ğŸ™†ğŸ˜­ğŸ˜­ğŸ˜­ğŸ˜­,-1
778,D'or en paix,-1
779,RÃ©ponse en paix,-1
780,Paix Ã  son Ã¢me,-1
781,ğŸ˜­,-1
782,Rip,-1
783,Paix Ã  son Ã¢me,-1
784,amina ala ka ha uo yere ye sani anta du je ,1
785,Rip,-1
786,Paix Ã  son Ã¢me,-1
787,Ala ka hin'a la,-1
788,mousa traore  allah ka siÅ‹a ala,-1
789,Que  la terre  lui soit lÃ©gÃ¨re. Amen,-1
790,Allah ka hinÃ© a la,-1
791,R,-1
792,Alla kahineala,-1
793,Allah  ka hina,-1
794,Rip,-1
795,Amina !,1
796,Amina,1
797,RipğŸ˜­ğŸ˜­ğŸ˜­ğŸ˜­,-1
798,ReposÃ© en paix ğŸ™,-1
799,Allah kan dayÃ´rÃ´ sumaya,-1
800,PAIX Ã€ SON NAME,-1
801,Amina yaraby,-1
802,RiP,-1
803,Enfin ,1
804,"Tabarikala nin ye kibaruya duman ye, cnsp maaw an ka fÉ”li kÉ›rÉ›nkÉ›rÉ›nnÉ›n b'u ye.",1
805,OK,1
806,BARIKA BE ARAHAMANI MASSAYE,1
807,Æ†yÉ› jamana dÉ›nw bÉ›É› jÉ”rÉ” la kÉ” yÉ› bi nÉ” bÉ”ra yÉ› balÉ” kÉ” ni kÉ›nÉ›ya kÉ” ani laa kana kÉ”,-1
808,Dieu merci,1
809,Aah onyÃ©na kosÃ¨bÃ¨,1
810,O ye kuma duma ye ala ka deme ke,1
811,LakÉ”li karamÉ”gÉ” ka lafasa ton,1
812,Ni i Ni ' iko i jogo ma ka kiy kono n'a mÃ© n'a n'a ma iye a bÃ© taa i nofÃ©  Mali kanla barika bana pew ka sababukÃ© kanla kÃ© cogoye,1
813,Oye tien ye,1
814,Allah ka oyira an n'a,1
816,Ini tiÃ© kunafoniw n'a nka don n'i san ne m'a o famu ya,1
817,A famuyala,1
818,Allah ka an bÃ¨ kÃ©lÃ©n ma,1
819,Allah Ka deme ke ,1
820,"C N S P kanana fanka bila dÉ› sabu pÉ”litiki mÉ”gÉ” nununyÉ› mÉ”gÉ” tÉ”rÉ” kÉ”djuku u bÉ›kÉ” kuka,nafa dÉ”rÉ”n u,makÉ” tÉ› diamana dÉ›n tÉ”w la an tufÉ› bilÉ› an kÉ” sÉ”rasiw dÉ›",-1
821,Ognana,1
822,Alah ka ou bin kele ma,1
825,Ne kÉ”ni fÉ› cÉ›mancÉ› fanga É²É›maaya kaÉ²i finitigiw de bÉ”lÉ”.,1
826,Ne ko finitigiw,1
827,A ka To finitigi bolo k'a kutaala surunyan,1
828,"Ne ce, finitigiw man kan la le ganga na",-1
829,ne koni fe aka to finitilaga kaw bolo,1
830,Ne kÉ”ni hakilina ye faransi gwÉ›ni ye ka bÉ” an ka kÉ”rÉ”nfÉ›la la ani an ka bÉ” CEDEAO ni G5 saheli jÉ›kuluw kÉ”nÉ”. An moko bÉ› mÉ”gÉ” la mun bÉ› se ka o baara kÉ› an ye,1
831,Ayadi  finitigiuma,1
832,Ne bolo finitigi de kangni aala,1
833,Sorodasiw kÃ¨.,1
834,Walayi,0
835,Ne hakilinaye akakÃ« finitiki dÃ´ye,1
836,Ne bolo finitigi de kangni walma my te politique mogoye,1
837,Finitigi,1
838,"Ne bolo a ka kan finitigiw de bolo ,ou ka jamana furan ka je ka soro ka di finitanw ma",1
839,Finitigi,1
840,Ne bolo finitigiw kangni ala,1
841,Akato fini tigiw bollo,1
842,Anw ko Fassodeen gnouman,1
843,Me finitigiw kunko de ye farifa tigi la je maxi de Ã€ la la a nogoya,1
844,Finitigiw,1
845,Anw ko finitiki ka ta ,1
846,"NÆ kÉ”ni hakili la, a k'a kan katÉ” finitigiw bÉ”lÉ” fÉ” san dÉ”ru 5",1
847,Borodian Coulibaly I ka kuma ye tiÉ²É› ye nbalima kÉ› ,1
848,nebolo akadi finitama pasige ni amaye finitabolo finitikiwo bisekaboye nadoudira finitikimadou ni amaye dio debina u louboye,1
849,finitigiw katofanga É²É›maayala nÉ› koni fÉ›,1
850,Finitigiw ,1
851,Finitigi,1
852,Finitiw,1
853,Finitigiw,1
854,F I N I T I G I W,1
855,Akadi fini tigiw ma koi. ,1
856,Ne bolo finitigi de Kangni  aala,1
857,Finitiki,1
858,Ne ko finitigiw,1
859,AwÃ³ finitigiw kadi ne ye kosÃ¨bÃ¨.,1
860,Finitigiw  foo san 2,1
861,Finitigiw,1
862,Boy,-1
863,Ne bolo ou ka djÃ¨n ka baara kÃ¨ gnongon fÃ¨ nga finitigui kelÃ©n ka kÃ¨ gnÃ¨mogÃ´ yÃ©,1
864,aw ni cÉ› aw ni baara ,1
865,Ne hakilila finitigiw de ka kÉ› cÉ›mancÉ› fanga É²É›maye walima mÉ”gÉ” dÉ” min tÉ› politigui mÉ”gÉ” ye,1
866,Ã”,-1
867,Borodian Coulibaly  Ã” fana ye ne ka hakilinan yÃ©. ,1
868,Ne ko Ã  bEE ka kE finitigiw ye,1
869,c n s p kanana fanka bila dÆ sabu pÆ†litiki mÆ†gÆ† nununyÆ mÆ†gÆ† tÉ”rÉ” kÉ”djuku u si tÉ› mali fÉ›,-1
870,Ne ko finitiguiw,1
871,Fanitigui,1
872,finitigiw,1
873,Finitigiw,1
874,Finitigiw sansaba,1
875,ni eye ne yinika  fanga kato sorodasi bolo  ,1
877,"Alah ka an bÃ© saba'bama  an kahÃ©Ã©rbÃ© mibolo ala ka nÃ´gÃ´ya o,ye",1
878,"Aw ye tuÉ²É› fÉ”, nka aw kana É²inÉ› ka fÉ” ko m5 fara fara lendo, sabula Olu yÉ›rÉ› tÉ› Faso kanu naw ye wa taÉ²inina de ka can ye, n'a fÉ”ra an tuÉ²É› fÉ” bi sÉ”rÉ”dasiw de kaÉ²i fanga la bi Mali la ka tÉ›mÉ› mÉ”kÉ” wÉ›rÉ›w kan, ka da kan niye m5 mÉ”gÉ”w bila fanga la manga minu wulila oÉ²É”kÉ”na kelen de bina wili tuguni wa ni Olu fana tina sÉ”n o ma",0
879,Abon e ye m5 deme bakaye WA ayala mogo minu bora kunu wolu mankaka hakilila jira WA ??,0
880,Ninfila tigiw do. Olu daganna jamakola ,1
881,"Walaye oyÃ© tiniÃ¨ ye ,danbe tÃ¨ annan  tuguni",-1
882,Ne kun hakilila ko aw ye kunafoni di de ye nga ne kun tadon ko aw taye fan koye,-1
883,Bamanankan sÃª bÃ©e baga E be Mali ko lawa walima E be M5 kola,1
884,Amidou Traore yala ne ye min fÉ” tuÉ²a tÉ› wa? ,-1
885,"Mohamed Konate Olu de tun bÉ› mankan ci la, nka su ni dugu jÉ› cÉ› , u yÉ›lÉ›mÉ›na. Olu t'a tÉ› Maliko ye, olu t'a ye yÉ›rÉ›ko de ye. ",1
886,Amidou Traore ,-1
887,Niye fÃ¨rÃ¨ kura deye ubolo ka mogow farafara inafo utuyakÃ¨ tiokomina ibk tilela,-1
888,Hahaha,-1
889,"O yÉ”rÉ” la ne tÉ› i kÉ” Bamanankan  sabula aw bÉ› ye maliden ye, e tÉ› se ka fÉ” ki bÉ› dÉ” lagosi ka dakan e hakilina no ta tÉ› kelen ye. An ka É²É”gÉ”n bogna ka É²É”gÉ”n mago to. An bÉ› hakilina kan ka kÉ› Mali de ye, ko gurupu ko ni kungolo ko bÉ” ala.",-1
890,"TiÉ²É› yÉ›rÉ› la, nafa tÉ› i ka ni kuma ye fÉ”len na. E ka ni kuma nunu ba jira ko e bÉ› gurupu ko la, walima mÉ”gÉ” ko la. ",-1
891,"Mamadou Coulibaly I b'a sÉ”rÉ” e ma kÉ”rÉ”fÉ” famu de. Maa si ma lagosi yan. Kuman kun ye k'a jira ko maa caman ka mankan ci tun tÉ› IBK ko walima Maliko ye, olu ta tun ye yÉ›rÉ›ko de ye. IBK taara dÉ”rÉ”n u yÉ›lÉ›mÉ›na, an ka kuman bÉ› o de kan. ",-1
892,"Ne ye kÉ”rÉ”fÉ” ye faamu kosÉ›bÉ›. Ni IBK kÉ”kÉ”rÉ”donbaganw tugura sorodasiw ka hakilina kÉ”, o tÉ› kojugu ye, o tÉ› se ka jira ko u yÉ›lÉ›mana. M5-RFP mÉ”gÉ” caman fana kÉ›lÉ› tun tÉ› Mali ko ye inafÉ” IBK mÉ”gÉ”w. An ka jamana jÉ” cogo ni kunnafoni É²uman ta ka fÉ” inafÉ” a tun bÉ› kÉ› cogoya min na, o ka fusa lagosi ye ",-1
893,Bamanankan i ye tunia fÃ´,1
894,Kabako,-1
895,"Fosi Kana bali an n'a maliko la. Man ni mÃ¨n o ye tignÃ¨ ye, nka ni te kÃ¨, o ye galon ye.",-1
896,"Bamananw ko : N'tabÉ›nn'kÉ”nÉ” ni maÃ  wÉ›rÉ› tÉ›Ì ko kÉ›Ì É²É”gÉ”n yÃ© !  An bÉ›Ì É²É”gÉ”nna tÉ›Ì kÉ›Ì€lÉ›ban kan yÃ© . Ni maliko dÃ²n , Munna KÉ›Ì€lÉ›Ì€kÉ›Ì€law mÃ¡ Maliden tÉ”Ì€w wele , k'a f'u ye ko : buwa taara mÃ liko dÃ²n , A'  bÉ›É› ka nÃ  , An ka malikura sigi sÃ¨nkÃ n . k'Ã  dÉ”n JÉ”Ìn ni Mali É²É›mÉ”gÉ”ya ka kan sisan ?   N'a kÉ›ra mÃ rifa cir'anw dÃ¨ lÃ¡ yÃ© . GÉ”Ì€lÉ› ni mugujugu bÉ›Ì ka ci ( cnsp ) finitigiw lÃ¡ SÃ¤n jÃ²li sisan ? Ã’ lu kÃ¡ to fanga lÃ¡ , ni sÃ ya ni sÉ›Ì€gÉ›n dÃ²n .  N'a kÉ›ra ni min yÃ© kÉ›Ì€lÉ›Ì€ kÉ›Ì kÃ   É²É›maa wuli  Ã’ k'i sigi fanga la yÃ© . Ã’ y'a kÉ›len ye jaagoyafanga yÃ© .  A' yÃ© ( Sabali ) An kÃ¡ Maliko É²É›É²inin ji É²É›majÉ”Ì€lenna , An Yanfa É²inin É²É”gÉ”n fÉ›Ì€ , kÃ  dÉ›Ì€mÉ›Ì€n Jamana mÃ rÃ li lÃ¡ , n'o tÉ›Ì , nin kÉ›Ì cogo n'a fÉ”Ì cogo t'a É²É›nabÉ” dÉ›É› !!!  AlÃ¡ k'an sababu É²uman bÉ›Ì€n . Amiina !",1
897,Anga ta dron,1
898,Aw ni waati? nka fÉ”li bÉ› Bamanankan kanu bagaw bÉ›É› ye.  Bamanankan ne kÉ”ni fÉ› kuma É²É›nan kosÉ›bÉ› ; barisa ne ma fiÉ²É›n ye kuma la.   Nka kuma ni fili tÉ› ban k'a sababu kÉ› ni dÉ”w ka faamuyali kÉ›cÉ”gÉ” ye.        i mana kuma cÉ”gÉ” o cÉ”gÉ” la  i kuma tÉ› na se ka taa maa bÉ›É› min sira fÉ›. Kuma k'a gÉ›lÉ›n in'a fÉ”  a ka nÉ”gÉ”.,1
899,Eye min fÃ´ tan do ate wili,1
900,Aw ni tile aw ni wula bamanankan mÉ”gÉ”w ka bini Politiki koin daminÉ› na nema nko fÉ” Ala fÉ”lÉ” dÉ›É›. Nka nbinamifÉ” O deye M5_RFP wO CNSP wo ni miye mikÉ› O ye olu kun ko de ye an bÉ› nana Mali sÉ”rÉ” yan kuma caman fuu tifoyiÉ²É› minnu bÉ› manamanakan bila la anw tÉ› yan Olu kama anw bÉ› yan faso de kama nehakilila Bamanankan groupe kunnafoniw sÉ”rÉ” jÉ›len deye n madon ko la gosi yÉ”rÉ” do: ğŸƒAla ka 'nfaso kisi ğŸ‘ğŸ‘,1
901,Foye ni tien tÃ© keleyen !  Kouma niÃ¨na,1
902,Otouma ni ibk bina yali oye mali kobaneyewa ?=,-1
903,Awo e ko mun o la sisan?,-1
904,Walahi dÉ›!,-1
905,Ow tetiyeyi aw bi Mali kolela armÃ©e Mali bravo bravo,1
906,HaatÉ›  I ka kuma ye tiÉ²É› ye !! ,1
907,Bamananka a ya to an ka dÃ´ mÃ¨n M5 ta ye mali ye wa?,-1
908,allah ka Mali daime,1
909,nÃ© ko ni ibafÃ©ka Bamanankan sikinidesebe iKa tÃ©lÃ©phone na abÃªkedi,0
910,Allah akibarou dieu merci,1
911,Fo ten,1
912,ğŸ¤£ğŸ¤£ğŸ¤£ğŸ‘ğŸ‘ğŸ‘ğŸ‡²ğŸ‡±ğŸ‡²ğŸ‡±â¤ï¸â¤ï¸â¤ï¸,1
913,"Papapapapa tiÃ©n yerÃ© yerÃ© la, marifatigui sÃ©bÃ© donedo allahou Akbar tchÃ©eeeee ğŸ¤”ğŸ¤”ğŸ¤”ğŸ¤”",1
914,Allah akibarou,1
915,Hahahha  Adan do ğŸ˜€ğŸ˜€ğŸ˜€ğŸ‘ğŸ‘ğŸ‘ğŸ‘ ,1
917,C'est normal,1
923,CEDAO TatÃ¨ Mali ye fiyewu. ,1
927,Vive l'armÃ©e Malienne,1
954,C'est normal,1
960,Nema afamun kosÃ¨bÃ¨,1
964,Paix Ã  leurs Ã¢mes,-1
966,Paix Ã  son Ã¢me que la terre he soit lÃ©gÃ¨re Amen,-1
967,Paix Ã  leurs Ã¢me,-1
969,Paix Ã  son Ã¢me,-1
971,"Je sais  a quel point les  Maliens  et Maliennes  sont toucher . Vos  soeurs  ,vos frÃ¨res,vos   parents,vos voisins . MÃªme si ces  derniers  temps vous vous Ãªtes perdu de vue. Tout mes condolÃ©ances  .",-1
972,Que son Ã¢me reposÃ© en paix,-1
973,Rip,-1
978,Que leurs Ã¢mes reposent en paix. Amen !,-1
979,Rip,-1
1005,Deux chien tuÃ© au Nord du mali ,1
1007,Voici les territoires du Mali,1
1008,Bien fait,1
1013,"Les chercheurs d'or, vous allez tous mourir la bas. A ba la France.",1
1018,C BIEN,1
1022,Si c'est vrai Que leurs Ã¢mes repose dans l'enfer,1
1025,Rip ,-1
1026,Bon voyage San retour ,1
1027,"Rip, il veut fuir tout simplement, pourquoi il peut pas se soigner au Mali parce que il s'en foutait des hÃ´pitaux pendant 7ans maintenant il a compris que vraiment Ã§a va pas chez nous",-1
1028,Allah ka noyake,1
1030,Allah ka nokoyake,1
1031,Que dieu te protÃ©ger ,1
1034,Tu vas payer dieu ne dors pas,-1
1036,Bonne santÃ©,1
1043,"Monsieur , un conseil, il vaut Ã©crire en FranÃ§ais.",0
1053,"Ko FranÃ§ais, tu n'as pas vu le nom de la page?  Le mieux serait de te dÃ©sabonner madame.",-1
1054,CMA wa ?? A kÉ›ra ne kÃ´nÃ´ ko CMA maw ko ko oluw tÉ› se ka kÉ›nÉ› la sÉ”rÉ” bi.  Yala o kuma yin tÉ› tuÉ²É› ye de?,1
1064,"ll faut apprendre ta vrais langue,si vous Ãªtes une vrais Coulibaly c'est mieux pour toi ma soeur, sab, duya tÃ© to bolokelen kanğŸ™",1
1067,Il est pour l'indÃ©pendance linguistique ğŸ˜,1
1068,J'aime bien cette culture mÃªme si je n'arrive pas lire kmm bon courage a vous,1
1070,Amina,1
1101,Merci ! Et du courage pour le bambara,1
1103,Merci  ,1
1107,Bon courages toujour  l'armÃ¨e malienne,1
1108,ğŸ‡²ğŸ‡±ğŸ‡²ğŸ‡±ğŸ‡²ğŸ‡±ğŸ‡²ğŸ‡±â˜ï¸,1
1109,Vive larme malienne,1
1110,Vive nos famas continuons a battre,1
1114,ğŸ‘ğŸ‘ğŸ‘ğŸ‘vivo arme malienâ¤ğŸ’šğŸ’›forÃ§a ğŸ’ª,1
1116,Dieu merci,1
1118,Bravo fama,1
1125,Merci,1
1144,Pipipipipi Mali ğŸ’ªğŸ’ªğŸ’ªğŸ’ª  Kunafoni nyuman Kunafoni duman awn Malienw tulo la  Hallissa u ka ta fai  Fo Malienw ka lakana ka sabati Mali fanbai fai Challahou ,1
1145,Bravo fama,1
1147,TrÃ¨s bien,1
1152,Bravo les famas du Mali,1
1157,Merci no fama que dieux vous protege,1
1160,Bravo armÃ©e Mali,1
1162,Dieu vous bÃ©nisse armÃ©e Mali,1
1163,Merci bamanankan,1
1164,Application jume be se k'ato bamanankan be sebe bawo ne ye agnini kadese,1
1165,Bravo   felicitations l'armÃ¨e malienne du courages toujour,1
1167,Daouda Coulibaly e tÃ¨ anw ka to dun kan mÃ¨ wa ??  ,1
1168,Folibe famawye,1
1169,Bravo les FAMA que Dieux vous protÃ©ger,1
1170,Ok,1
1171,Omo bientÃ´t tu doit ma prendre a lire en bambara  sinon je comprend rien la,1
1172,Bravo les fama,1
1173,Alah ni tiÃ©,1
1174,Bravos les fama,1
1176,Bravo Ã  fama,1
1177,Bien fait,1
1180,Merci les force,1
1181,Tjr courage,1
1182,O ynena,1
1183,ğŸ’ªğŸ’ªğŸ’ªğŸ’ªğŸ’ªğŸ‘ğŸ‘ğŸ‘ğŸ‘ğŸ‘ğŸ‘ğŸ‘ğŸ‘ğŸ‘â˜,1
1184,Bravo l'armÃ©e Malienne,1
1185,Famaw. Nice  u nibara,1
1186,La c'est bien ,1
1187,Bravo,1
1188,Bravo lâ€™armÃ©e malienne que Dieux vous aidez et vous protÃ©gez amine ,1
1189,Merci nos Fama,1
1190,Vraiment bravo fama Ã©puisÃ© apprÃ©cions notre langue ğŸ’ªğŸ¿ğŸ’ªğŸ¿,1
1191,Nos armÃ©es sont les plus puissantes en Afrique de l'ouest.,1
1192,Kassim Diallo je comprends mais je peux pas Ã©crire ,1
1193,Bravo vive l'armÃ©e malienne,1
1194,Daouda Coulibaly wo tÃ¨ baasi ye,1
1196,Excellence nos fama,1
1197,Allah ni tiee,1
1198,Vive les Fama,1
1199,Vivent les FAMA,1
1200, Bravo que dieu beniss,1
1201,Bravo les famas du mali c'est Ã§a qu'il es la seule solution du courage .,1
1202,Vive Mali,1
1204,Ko gnoumaba,1
1207,A dan,1
1210,"Nous, on est Bamanan Phone, on s'en bat le couille on veut sauver notre patrie â¤ï¸ğŸ‡²ğŸ‡±âœŒï¸â˜ï¸",1
1213,Good Good s'il vous plaÃ®t en bambara,1
1218,Good Good oye cÉ› ye,1
1231,Waouu,1
1236,ğŸ‘,1
1238,DIEU est grand et ne fait rien sans cause. courage et patience MALIEN ca ira inshallah,1
1250,OK D'accord ,1
1252,No,-1
1254,"L'homme conscient toujours dÃ©terminÃ© pour le bien du peuple, chapeauğŸ© Ã  toi frÃ¨re",1
1262,Eeeh ka gni,1
1264,akayi kosobai,1
1265,Sa c'est trÃ¨s bien,1
1280,O kanyi kosÃ¨bÃ¨.,1
1283,O kayni ,1
1285,Ne fÃ¨ o de kanyi kÃ´sÃ¨bÃ¨  ,1
1287,C'est bien,1
1288,O kagni tolo,1
1290,O kanyi kosebe u kana politique mogo si lame.,1
1294,O kagni,1
1296,O Kagni,1
1297,NerÃ¨ fÃ¨ o de kanyi kÃ´sÃ¨bÃ¨,1
1302,A kan ka to finitiginw bolo walasa u ka jamana latilen,1
1303,An kan ka ka ato finitiguw bolo bawu mogosi tise ka Mali ğŸ‡²ğŸ‡± Mara numi segi ki gE bawu an taa don an bi mifeâ˜ï¸ğŸ™,1
1304,Awo fo 2023,1
1305,Finitigiw,1
1306,Awo akato ubolo FO 2023,1
1307,Awo akato finitigiw bolo,1
1308,A kato finitigiw bolo fo san 5,1
1309,Awo,1
1310,akato finitikiwo bolo,1
1311,Akato finitigiw bolo. ,1
1312,A ka To Finitiginw bolo,1
1313,An kan tubolo ,1
1314,A ka tÃ´ finitigiw bolo,1
1315,Non akanato finitigiw bolo bawo bede fanga akagni finintanw debolo kossobe,-1
1316,A kato finitiginw bolo sans doudou  5,1
1317,Awo ,1
1319,A tÃ´t finition bolo ne fÃ©,1
1320,AwÃ´ an kanto ubolo,1
1321,Awon a ka to finintigiw bolo,1
1322,A ka to finitigiw bolo.,1
1323,An kato finitikiw. Bolo san 3,1
1324,ka kan finituigui bolo pewen,1
1327,an ka to finitigiw  bolo walima aka segi ibk ma,1
1328,Walasa mali ka dilan fÃ´ fanga kato finitigiwbolo fÃ´ san 3,1
1329,Awo a kan ka to u bolo,1
1331,Akan ka to finitiginw bolo walasa u ka jamana latilen baw ni ye jamana to finitanw bolo a binani kolÃ´lÃ´ wÃ©rÃ©ye,1
1335,Tu na rien dit d'abord,-1
1365,AU NOM DE DIEU SURTOUT QUE LA LOI SOIT APPLIQUEE COMME IL FAUT DANS CE PAYS SI NON ON SEN SORTIRA JAMAIS,-1
1366,LA CORRUPTION LE VOL LA TUERIE ...,-1
1375,Ok,1
1381,Koseben,1
1382,Okanga ka ke,1
1383,ObekÃ©,1
1384,Qu'est ce tu sais faire dans ta vie Ã  part de publier n'importe quoi sur Facebook ko mali yÃ© mali dew ta yÃ© C'est pas mali dew qui ont Ã©lus le prÃ©sident dÃ©mocratiquement  Mali n'avait pas d'armÃ©e c'est pas ibk qui nous a dotÃ© une armÃ©e forte de la sous-rÃ©gion,1
1385,Ok,1
1386,Oye tugnaye,1
1391,Vrai,1
1398,Awo,1
1399,Oye IBK ka escro ya kan deye munu djoli bona olou tÃ¨ malienw ye wa? Oubien olou fagara ka IBK to mi? SÃ© de tÃ¨ ayÃ© sinon djoli toun bÃ¨ bÃ´n.,1
1404,Bravo les guerriers ,1
1416,IBK Dehors ,1
1417,Walayi,1
1422,Thank god,1
1423,Allah ni tchÃ©,1
1424,Famaw nitie .merci les Fama,1
1425,Abarika. Alaye,1
1426,Allah ni tchÃ©,1
1427,Dieu merci,1
1428,Dieu merci beaucoup,1
1429,Allah ni tchÃ©,1
1430,Pauvre armÃ©e Malienne. Capable d'arrÃªter leur chef d'Ã©tat mais pas le chef djihadiste.,-1
1431,Alibi Allah ka Mali somaya,1
1432,Amina merci,1
1433,Hahaha hahaha,-1
1437,U minÃ¨ la ?,1
1438,Abarika Allah,1
1440,Que la volontÃ© de dieu soit,1
1441,O gnÃ© na kosobÃ©,1
1448,AMINA,1
1449,allah ka bÃªn Sabati,1
1451,Amina yarabi,1
1452,FeuğŸ”¥ rouge dans Camp soundiata . Aujourd'hui c'est la dÃ©mission officielle d'IBK . TolÃ©rance zerooooooooo,1
1454,Ok,1
1455,Merci ,1
1457,Ami,1
1458,Amiina yarabi,1
1459,Amina yarabi ,1
1460,Amiiiiiina,1
1461,amina  yarabi,1
1462,AMINA,1
1463,Amina ngala ka dugaw jaabi ami baraji,1
1464,Amina yarabi,1
1465,Amina yarabi,1
1466,Amina yarabi,1
1467,Kuma É²É›na,1
1468,Kuma gnenna!,1
1469,"Ayiwa, Ala ka tiÉ²É› dÉ›mÉ›, Dicko ka kÉ›lÉ› te wari ko ye, sanu ko tÉ› wa jÉ”yÉ”rÉ” ko tÉ›, Mali ko de do. N'hakilila, Nioro SherifukÉ› bÉ”ra o de kalama",1
1473,Ayiwa!,-1
1474,Awanisoma alakatigÃ©dimi,1
1475,Amina yarabi,1
1476,Amina yarabi,1
1477,Amina,1
1478,Amina,1
1479,Amina rabi,1
1480,Amina,1
1481,Amina,1
1482,Allah kanÉ”kÉ”yake,1
1483,amiina yarabi ala ka nogoya kÃ©,1
1484,AmÃ¨ne,1
1485,Amina,1
1486,Amina,1
1488,Avertissement de Dieu. Rien ne vaut la paix. Meilleur santÃ© aux blessÃ©s ğŸ™,1
1489,Trompt rÃ©tablissement,1
1490,Alaka  nokoyake  u ye,1
1491,Amina,1
1492,Amina,1
1493,Prompt rÃ©tablissement aux blessÃ©s,1
1494,Prompt rÃ©tablissement,1
1496,Amina,1
1498,Prompt retablissement,1
1499,amina,1
1503,IBK blakoro,1
1508,O É²ana kosÉ›bÉ› ğŸ‡²ğŸ‡±,1
1509,Allah ni Thie,1
1510,Cool,1
1512,Merci notre compatriote,1
1513,Merci,1
1514,Merci notre compatriote ,1
1515,FÃ©licitations et bonne chance,1
1516,Allah ka se di u man,1
1517,FÃ©licitations monsieur le prÃ©sident,1
1519,Ana ka kan,1
1521,ibk  teta abada,-1
1523,Toi on te veut comme Ã§a galvanisÃ© le peuple .soit fort ,1
1524,Vive kaou jimou ,1
1526,Aujourd'hui  c'est le dernier  jour  de ibk,1
1527,Vive le mali,1
1528,"Sortez massivement, vive M5RFP, vive la rÃ©volution, vive la jeunesse. La lutte continue jusqu'Ã  la victoire. Ibk doit partir sans dÃ©lai ",1
1529,La foule  va monter  directement  vers  17h a sebenikro  et koulouba ,1
1530,Cool,1
1531,Mardi du peuple . C'est simple le peuple veut son pouvoir ,1
1533,Il est midi ,1
1534,On tuÃ© vous tous aujourd'hui inchallah,1
1537,RestÃ© mobilisÃ©,1
1538,"Va apprendre la langue franÃ§aise d'abord, pauvre ignorant.",-1
1539,"Non la marche est pacifiques ,agissons Malien.",1
1540,Vous Ãªtes malade,-1
1544,Cool,1
1550,Tiendo,1
1552,OK,1
1558,Ok,1
1563,Ã€ bon,0
1570,Son maudit c'est pas les vrais Maliennes,-1
1571,Dicko est maudit si il est mort enfers,-1
1574,Ok vive imm,1
1575,Ok,1
1576,Barvo imm,1
1578,Cool,1
1579,Bien reÃ§u inchaalla,1
1581,Ok. Vive. Dicko,1
1585,Comme toi aussi,1
1588,C'est vrai,1
1592,Ah ok,1
1595,Bravo ğŸ‘ğŸ™ŒğŸ™Œ,1
1596,Long vie Ã  toi mon gÃ©nÃ©ral,1
1597,Ces lui le problÃ¨me du mali,1
1598,Sanogo,1
1599,Bravo Mon gÃ©nÃ©ral ğŸ‘‹ğŸ‘‹ğŸ‘‹,1
1602,Bravo general,1
1603,cool ğŸ™,1
1604,Bravo,1
1605,Bakary MallÃ© qu'es-ce que tu appel problme? ,1
1606,Le voiyou la,-1
1608,Vive gÃ©nÃ©ral,1
1609,Lui et son clan ont mit le Mali dans un petrin ils sont a l'origine de la cituation du Mali d'aujaurdhui,1
1610,Regarde comment est son image phisique n'importe quoi,-1
1611,TP PDG,1
1612,Mon gÃ©nÃ©ral,1
1615,Felicitation.Dieu merci,1
1616,Felicitations,1
1619,Enorme felicitaciÃ³n,1
1629,Ok,1
1630,Courage ,1
1631,Courage tout malienne,1
1632,"Haha, Macron a dit quoi comme la foi passÃ©,  certains prÃ©sidents africains de l'Ouest ne sont pas lÃ  pour la dÃ©mocratie, ni de servir leurs peuples,  ils sont lÃ  pour eux mÃªme, ils se considÃ¨re comme un roi et non un prÃ©sident",1
1633,Les ennemis de dieu et de la patrie,1
1639,Je suis d'accord,1
1640,Les intellectuels et dirigeants africains sont les plus bÃªtes et plus malh6du monde,-1
1643,I ni ce!,1
1648,IBK ka  barake baliya de yaseya,1
1651,vrai. pas  de route Allah ka an dÃ¨mÃ¨,-1
1653,Toujours pareil n'y a aucun dirigeant qui pour Ãªtre exemplaire pour les maliens,-1
1654,"C'est normal ils ont mangÃ© l argent, l argent ne suffit pas pour faire de bonne route ğŸ˜ ğŸ˜ ğŸ˜ ",1
1655,Allah ka Mali deme alibi,-1
1666,Bonsoir ,1
1667,"Courage  vraiment  ,ne laisser pas  tomber ",1
1689,C'est pas facile hein parce que on a pas compris la dÃ©mocratie,0
1699,Baravo ğŸ™ğŸ™ğŸ™ğŸ™,1
1700,"Nous sommes Ã  un stade critique si on recule plus aucune rÃ©volution n aboutira dans ce pays  Si nous continuons la victoire est si loin si proche, tout dÃ©pend du chemin Ã  emprunter, comptons nous les uns sur les autres et faisons confiance Ã  nos dirigeants du M5 RFP la victoire est quasi certaine inchallah  Discipline  Mobilisation  Que la lutte continue ",1
1708,Je suis ton page Ã  cause de Bamanankan si tu le change je me dÃ©sabonne,1
1710,"4 assaillants ont pu mettre le feu Ã  une Gendarmerie, l'Ã©tat a failli Ã  ses devoirs,  c'est incroyable !",-1
1712,Ils se prÃ©parent....,-1
1717,Clair et net,1
1719,Bien compris,1
1720,En tout cas faite attention si non les personnes mal intentionnÃ©s essayent de vous diviser or: DIVISER POUR MIEUX REGNER NE VOUS LAISSEZ PAS FAIRE. ALLAH sauve notre Mali. DICKO ne ferra jamais rien contre ce pays inshallah. ALLAH GUIDE NOS PAS,1
1721,Super cool Haidara,1
1722,Tu Ã  dit la vÃ©ritÃ© karamÃ´kÃ´ mais il faut parler avec Macky Bah sinon l'Ã©ducation lui Ã  Ã©chapper il ne savent pas parler,1
1723,Pourquoi tu nâ€™Ã©cris plus au bamanakan ?,1
1724,"Effectivement mon frÃ¨re SidibÃ©, moi aussi j'ai constatÃ© il y'a quelques jours.",1
1725,OK D'accord C'est bien ,1
1727,Tu parle a ne rien dire,-1
1729,Bonsoir frÃ¨re malien moi je voulais Ã©couter ton paroles mais je ne comprends pas parlez-vous franÃ§ais s'il vous plaÃ®t parler franÃ§ais s'il vous plaÃ®t parce que vous Ãªtes parle trop importance pour moi s'il vous plaÃ®t parler en franÃ§ais parce que si Mali il est problÃ¨me Afrique il est Ã  problÃ¨me c'est pour cela moi je suis sÃ©nÃ©galaise mais je voulais regarder ton direct Facebook s'il vous parlez franÃ§ais projet comprendre merci,1
1733,Se pour ton pÃ¨re,-1
1737,Ibk dÃ©mission  Ibk dÃ©gage ,-1
1738,Tu rencontre ta mort.,-1
1740,Toi tu vas mourir sous peu,-1
1741,Je suis avec toi mon frÃ¨re,-1
1742,DÃ©mission ibk,-1
1743,Regarde moi sa,-1
1744,Bravo frÃ¨re ,1
1745,Ibk dÃ©gage,-1
1746,Ibk dÃ©gage,-1
1747,I B K est avant tout un pere,-1
1748,Voi la baa,-1
1749,Un faux ministre comme kassoum tipotipo,-1
1750,l'impossible N'EST PAS MALIENS NUL N'A LE DROIT DE TRAHIT LA CONFIANCE DU PEUPLE MALIENS ibk EST UN GRAND NUL,-1
1751,Le M5 RFP de malheur,1
1752,C es bien  fait  on vera  apres,1
1753,Toi tu es trop bÃªte,-1
1754,idiota,-1
1755,idiot,-1
1756,Ferme ta bouche pauvre Ã©goÃ¯ste,-1
1759,ibk 2023,1
1761,Si tu es in homme va a coulouba,-1
1762,Rien que la vÃ©ritÃ© tu as tout dit,1
1763,BÃªte,-1
1764,Si tu fait pas attention tu risquera d avoir cancer de gorge deh,-1
1765,On croit Ã  ces hommes que toi,1
1766,E Boda essqe e yere bi em po sara,-1
1767,Tu est bÃªte vive IBK jusqu'Ã  2023,-1
1769,Bravo,1
1770,Certe que le retour est bientÃ´t sure bouba fabÃ© in chaa Allah ,1
1771,C'est pas vous c'est IBK si il peut pas assumer ses responsabilitÃ©s et dÃ©gager et lÃ  les moutons vous Ãªtes vous pouvez faire quoi pour Mali vous avez cherchÃ© combien de prÃ©sident Ã§a a changÃ© quoi au Mali mÃªme comportement lÃ  pays qui n'a jamais chaque jour les moutons se mobilise compte injustice  . ,-1
1772,Walaye merci c'est la vÃ©ritÃ© longue vie Ã  vous,1
1773,Vive ibk vive timbine vive manassa vive la paix au mali,1
1774,Nom c pas possible des vagabond qui disent N'UN PORTE quoi,-1
1775,L'a vÃ©ritÃ©,1
1776,Quitter lÃ -bas vaut rien,-1
1777,Fou nous la paix way,-1
1778,Merci frÃ¨re qu'Allah protÃ¨ge le Mali,1
1779,"Taisez vous, et laissez les maliens vivre tranquilles. Maintenant  les vrais patriotes vont commencer Ã  prÃ©parer 2023, jâ€™espÃ¨re vous nâ€™allez pas venir chialer encore. ",-1
1780,On veu la paix,1
1781,Pourquoi la jeunesse malienne ne s'organise pas pour aller libÃ©rÃ© le Nord et le centre,-1
1782,IBK il dÃ©gage mais on peut prendre notre destin en main et l'histoire en parlera je suis prÃªt Ã  partir de mourir pour le Mali les territoires ne pourrons pas tuÃ© nous tous le Mali sera libre,-1
1783,Tous ces que tu dit c faut ,-1
1784,Vraiment Kouma Niana Alisa Allah Ka En Sago Daman,1
1785,Du N'importe quoi.  Toujours des insanitÃ©s pour nous dÃ©ranger les chemins. Au contraire les vrais casseurs du pays c'est vous.,-1
1788,Bien dis fra,1
1789,vive ras bathğŸ’ªğŸ’ªğŸ’ªğŸ’ªğŸ’ªğŸ’ªğŸ’ªğŸ’ªğŸ’ªğŸ’ªğŸ’ªğŸ’ªğŸ’ªğŸ’ªğŸ’ªğŸ’ªğŸ’ªğŸ’ªğŸ’ªğŸ’ªğŸ’ª,1
1790,Vous Ãªtes chien cochons,-1
1791,Toi tue maladie nafikiden malhonnÃªtes,-1
1792,Quitter,-1
1793,On va vous dÃ©gager tous des opportunitÃ©s,-1
1795,M5,1
1797,Le M5 RFP OOOOOOO ğŸ·ğŸ·ğŸ·ğŸ·ğŸ·ğŸ·ğŸ·ğŸ·ğŸ·ğŸ·ğŸ·ğŸ·ğŸ·ğŸ·ğŸ· Ibk 2023,1
1798,"Mon ami qui parle je n'ai rien contre vous et votre guide spirituel. Mais il ne  faut pas toucher toucher Ã  mon frÃ¨re Bouba FANÃ‰.  Cette histoire a Ã©tÃ© bouclÃ©. Car il a Ã©tÃ© menacÃ© verbalement et il a aussi dit ce lui est venu en tÃªte. Mais je ne juge pas ce qu'il a dit en bien ou mal. Nous voulons tout simplement vivre en pai, dans ce pays",1
1799,Toi tu est qui faut nous laisse tranquille ,-1
1800,Toi  tu  es  batar,-1
1801,batard animal babo,-1
1802,Tu cries mais tu n'as pas de travail Ã  faire,-1
1803,On est fier de toi grand frÃ¨re ğŸ‡²ğŸ‡±âœŠ,-1
1805,Petit tu est vraiment bet ta bouche va te mettre dans le problÃ¨me,-1
1806,"Merci mon frÃ¨re bien parlÃ© . Comme vous avez dit Tapo et  le nouveau ministre de la sÃ©curitÃ©   ils ne sont pas venus d'ailleurs, on se connais tous, et ils connaissent bien les maliens. S'ils sont nommÃ©s pour sortir le Mali de cette crise, qu'ils n'Ã©coute pas Boua Sinon le maliens aujourd'hui n'a pas peur d'un ange, Ã  plus forte raison qu'un membre d'IBK. ( compÃ©tent, honnÃªte franc les biens venus), mais ( corrompus, vendus ou malhonnÃªtes) tu nous trouveras sur ton chemin B",1
1808,Il est trop bÃªte ce monsieur,-1
1809,Moriya n'importe quoi vous mÃªme pas honte IBK fo 2023 inch'Allah ğŸ’ªğŸ’ªğŸ‘ŠğŸ‘Š,-1
1810,PrÃ©pare  toi un nouveau  vote mon frÃ¨re. Ne flatte pas les enfants  et les conduires Ã  labbatoire,1
1815,Simon apart Ã§a va,1
1818,Tu es malade vraiment tu dois chercher un mÃ©dicament,-1
1819,Tu peut allÃ© Ã  coulouba ou sebenikoro ibk est laba,-1
1820,Nous sommes avec vous  mais  maintenant nous sommes fatiguÃ©,1
1821,Koulouba sira la bilalÃ© do ni nalolÃ© do ibÃ© kÃ©kouya taga,-1
1822,Vive ibk FO 2023 ğŸ’ªğŸ¼ğŸ’ªğŸ¼ğŸ’ªğŸ¼ğŸ’ªğŸ¼ vivre ibkğŸ’ªğŸ¼ğŸ’ªğŸ¼,1
1823,Walaye m5 ne va jamais avancer avec ces tarÃ©s la,1
1824,C'est vous qui tuÃ© les gens n'est porte quoi ,-1
1825,IBK DÃ‰GAGER C'EST TOUT,-1
1828,Mon frÃ¨re  toi tu n'as rien Ã  fer va travaillÃ© ,-1
1829,"C,est votre problÃ¨me, faux allÃ© fermer koulouba, le mali ne peux pas anvancÃ© comme sa.",-1
1830,Ferme ta gueule.,-1
1831,Continuer Ã  faire la gueule ils viendront de trouver la bÃ¢ .,-1
1832,Toi tu es vraiment un fou Ibk ou rien 2023 nous pas bougÃ©,-1
1833,Nous voulons la paix,1
1834,Regarde moi sa bet,-1
1837,Toi tu est vraiment je ne sais quoi. Tu crois que câ€™est comme Ã§a quâ€™on lutte pour son pays ? ,-1
1838,Vraimen un vagabon comme vous gui veut gue des violences dan se pays gue dieu protege se pays contre vous,-1
1839,"C'est pas vous ! C'est IBK parce-que il vaurien, il doit arrÃªter se gens comme Ã§a lÃ , lui il est lÃ , il fait rien, c'est Ã  cause de Ã§a que toute personne Parle ce que il veut et il font des conorries dans le pays.",-1
1840,Vive le mali vive ibk,1
1841,Quitter la bÃ¢tard,-1
1842,LÃ©sÃ© nous tranquille mon frÃ¨re que fait tu pour le mali dis nous,-1
1843,Photos combats c'est zÃ©ro,1
1844,La patrie ou la mort ns vaincrons les frÃ¨re ,1
1845,N'importe quoi,-1
1846,Tout morya toi tu es qui ,-1
1847,Papou Ibs vient voir ,1
1849,Svp aller a l'apaisement sinon  c'est du regret.,1
1850,Câ€™est la vÃ©ritÃ© ,1
1853,"N'importe quoi, tes chefs ont compris si tu ne comprends rien, demande les ce qui ne va pas je crois tu te teras pour de vrai une fois informÃ© Inchah Allah",-1
1855,Vous avez menti Ã  boubey il est parti,-1
1858,Va travailler c'est mieux pour toi.,1
1859,Toi tu peux koi au mali dangadeh,-1
1860,Tu as dit la vÃ©ritÃ©  Dieu te bÃ©nisse,1
1861,Regardez comment il respire comme un vrai ğŸ˜€  TOU MORIYA.     tous Ã§a pour tromper les gens pour que les gens le suivre  aprÃ¨s avoir reÃ§u pour lui il prend le virage sans regarder les rÃ©troviseurs.,-1
1862,Tranquilise toi.  Tu rouspetes pour rien.,1
1863,Toi vaurien IBK jusqu'Ã  2023,-1
1864,Tu ne connais rien,-1
1865,IBk.2023,1
1866,Merci 1000,1
1867,Ã‡a marche pas comme Ã§a,-1
1869,On ne veux plus ibk,-1
1872,Vive le Mali ğŸ‡²ğŸ‡± fosaya,1
1873,Tu es un digne fils de ce pays.tous ceux qui sont contre tes propos sont des indignes ,1
1876,Chien,-1
1877,Manamanaka,-1
1878,RestÃ© dÃ©terminÃ©,1
1879,Du courage bravo vive le Mali Amine yarabi ,1
1880,IBK dÃ©gage ,-1
1881,Ibk 2023 ğŸ™ğŸ‘,1
1882,Que le bon Dieu protÃ¨ge le Mali un et indivisible,1
1885,Mon frÃ¨re on voit que tu es dÃ©terminer tu parles avec l'Ã©motion vraiment dit courage on est lÃ  dernier vous on est prÃªt Ã  affronter ces criminels qui ses disent forsat et leur commandant qui est ibk vive la jeunesse consciente sans la rÃ©volution pas des  progrÃ¨s. La lutte continue.,1
1892,au Mali quelle paye ,-1
1894,Vive la jeunesse maline ,1
1896,Batar,-1
1897,Bravo mon frÃ¨re ,1
1899,VIVE IBK!,1
1900,Vive M5 RFP,1
1902,"Mon frÃ¨re,ce haÃ¯dara n'est mÃªme pas musulmans. Je suis d'accord avec toi.",1
1903,S'il te plaÃ®t soyons tolÃ©rants et Ã©vitons la violence,1
1905,Merci beaucoup mon frÃ¨re ,1
1906,Ibk2023 prÃ©sident du mali,1
1907,Vive me5 DÃ©gager  Ibk,-1
1908,les idiots,1
1920,Bravo mn frÃ¨re,1
1922,Walahi,1
1923,Le monde la,0
1924,Tu fair honte mon frÃ¨re,-1
1925,Ibk 2023,1
1926,TÃ¨toi tu fair honte,-1
1930,Prochain locataire MCA.,1
1931,Aaaaaa trematol n'est pas bon des ğŸ¤”ğŸ¤”ğŸ¤”ğŸ¤”ğŸ¥ğŸš‘ğŸš‘,1
1933,Bravo la jeunesse malien ğŸ‡²ğŸ‡±ğŸ’ª,1
1934,VÃ©ritÃ© ,1
1935,Ferme Oh ta gueule toi,-1
1936,Si parler contrÃ´le Ta parole c'est pas vous sol de malien,-1
1937,Ils  fÃ´  quittÃ©  lÃ   batar ,-1
1938,Les voie you,-1
1939,Le ridicule ne tue pas ,-1
1940,La jeunesse malienne n est pas consciente ,1
1941,Sondja bÃ© boda fara fouuuuuuuu,-1
1942,Que Dieu sauve le Mali ! ğŸ‡²ğŸ‡± ,1
1943,Merci frÃ¨re ! ,1
1944,Notre na pas besoin de Ã§a tu doit Ãªtre arrÃªtÃ© en mÃªme temps,1
1945,Tu es vraiment modit fasodedioukou niamokode,1
1946,"Qu'el est ton problÃ¨me mr. On montre l'or a celui qui le connais,Mais pas a celui qui ne le connais pas  Si vous dormez ,please reveillez-vous.",-1
1948,Et choguel Moutaga tall,1
1949,Je suis d 'accord avec vous bouba fane et Abdoul niang il faut ont c'est trouvÃ© in chaallah,1
1950,ImbÃ©ciles lmpolie,-1
1951,barrique  vide qui fait bruit toujours,-1
1952,VOLE ORGANISÃ‰   Quand le peuple dÃ©cide rien ne peut contre la volontÃ© du peuple ibk dÃ©gage espÃ¨ce de clochard   La lutte continue ,-1
1953,Que d'agressivitÃ© en parlant est-ce normal ou c'est comme Ã§a dans cette langue  ?,1
1955,Incitation  Ã  la violence  non et les maliens ,1
1956,Merci beaucoup ,1
1957,IBK Ã€ finis et IBK est finis. A Dieu IBK et son rÃ©gime.,-1
1958,Bravo mon frÃ¨re tu as raison tipo tipo est le plus grand voleur que j'ai connu dans ma vie,1
1960,Cool,1
1961,N'importe quoi,-1
1962,Un jour toi aussi tu vas devenir comme Sekou Tounkara  Ont force ğŸ’ª pas,1
1963,Le Mali pleure Ã§a ne va pas du tout un camp doit jouer la carte de l'apaisement apaisement,1
1964,Trop parler c'est la faiblesse,1
1965,On veut la paix ,1
1966,ibk 2023,1
1967,Qu'elcun qui aime sont pays ne va jamais agir comme Ã§a aimons notre pays et faisons la paix rien que la paix laisser les vatants et enssemblent le Mali en avant mercie,1
1968,Inchallou,1
1969,Vraiment du n'importe quoi ,-1
1970,RÃ©veille toi,1
1971,Il fau debarage karim problem regle,1
1973,Tu peu pa parler au nom du mali toi seul ne pa malien,1
1974,"Que dieux dÃ©truit le pouvoir de criminals terrorists assassins voleurs bandits ennÃ©mies du maliens dictateur mafiats ,vive m5 rfp  dans le monde entier que dieux bÃ©niss m5 rfp",1
1975,Hummm n importe quoi ,1
1976,"Toi qui parles, tu es sauvage",1
1977,Merci ,1
1978,C'est pas toi et c'est Ibk qui t'a donnÃ© l'occasion de dire ce que tu veux au nom de la dÃ©mocratie sinon il a ta solution pour te faire avaler tes mots et puis y'a rien,-1
1979,Que le tout puissant attend le cri des maliens,1
1981,Aba Ibk criminel,-1
1982,Merci beaucoup bravo bravo ,1
1984,Merd,-1
1985,Merci,1
1986,HÃ© laisser notre maire en paix.,1
1987,Va au nord .on a besoin des guerriers comme toi.,-1
1988,Vive dicko,1
1989,Des gens comme Ã§a lÃ  qui parle aussi du Mali pauvre Mali,-1
1990,Mais ces Ã§a dirige vous vers koulouba ces tous,1
1991,"HÃ© le Mali lÃ , mÃªme les ellitrÃ©s ont leurs mots Ã  dire, mais pieds d'en haut vont me parler de la dÃ©mocratie. ",1
1992,Salopar,-1
1993,VoilÃ  la route du koulouba si tu connaÃ®t rien tu va comprend la bas,-1
1994, Ibk 2023,1
1995,Oui on vous attend ,1
1996,Allez si bloquÃ© concert de Sidiki il veulent boycotter votre manifestation en trompent l'apparence des jeunes Sidiki ait un Fran_maÃ§on aussi oubliÃ© pas,1
1997,Bonsoir ,1
1998,Faite attention Ã  Sidiki il veulent faire concert gratuit sait de la manipulation oubliÃ© pas que petit ait dans groupe des Satan ici en Europe il fait bien partir dedans donc ils veulent l'utiliser pour gÃ¢tÃ© votre manifestation vivres les jeunesse malien,1
1999,Allez si taper sur YouTube Sidiki Diabate il fait bien partie des franc-maÃ§on ils veulent l'utiliser pour trompÃ© les jeunes gÃ¢tÃ© sont concert sait un grand ennemi du Mali se sont des Satan ils sont trÃ¨s dangereux,1
2000,Courage vous allez gagner cette lutte ,1
2001,Vous allez trouvÃ© la FORSAT au rond point. Le Mali ne cÃ¨dera jamais face au poignÃ©e de personnes avec leurs projet inavouÃ©s jusqu'ici.,1
2003,Vous  Ãªtes malades jusque dans vos viscÃ¨res ğŸ˜‚ğŸ˜‚ğŸ˜‚,-1
2004,Merci,1
2006,Ces policiers ont mis leurs leurs familles en pÃ©ril,1
2007,Pourquoi,1
2009,TrÃ¨s bien  FÃ´ atunkakÃ¨ tan  On tue le peuple mais les idÃ©aux demeurent ,1
2010,"Tellement la lutte est intense on laisse un peu le bamanakan, je te comprends.  La patrie ou la mort, nous veincro. ğŸ’ªğŸ’ªğŸ’ª",1
2012,C'est le franÃ§ais aujourd'hui !,1
2013,C'est le bamanakan qui nous plait,1
2014,L'ignorance en mode de tÃ©lÃ©chargement d'illusions,-1
2015,Vous allez regretter si IBK quitte au pouvoir avec lâ€™Ã©tat actuel au Mali ..,-1
2017,Vous allez bientÃ´t comprendre que ce Mali n'est pas une galette...,1
2018,En bambara,1
2019,Cela nâ€™est pas un problÃ¨me en 2023 on va choisir intallah comme prÃ©sident câ€™est un malien,1
2020,Pour quoi faire lÃ  bas?,1
2021,TrÃ¨s bien.,1
2022,Ils ont fait quoi ,1
2023,Il faut aller saccager dans la famille de ces policiers s il s agit comme Ã§a,1
2028,"KÃ´rÃ´ KÃ´rÃ´ je ne discute pas avec des gens qui croient tout connaÃ®tre et qui ne connaissent rien. Koro koro, c'est nom de quel famille. Des gens qui n'ont mÃªme pas de nom ",1
2030,Toi tu peux pas dire il sont pas raison,1
2031,"Parce que, c'est mieux pour toi pour cela tu parle de Ã§a",1
2032,"Avec des faux noms, des faux profil et des fausses informations des idiots comme Ã§a qui se cachent pour dÃ©truire le Mali. On vous connait.",1
2033,On va voir,1
2034,"Des idiots comme Ã§a. Montrez vos vrais visages et vos vrais noms, ce sont les voleurs et les malhonnÃªtes qui se cachent.",-1
2035,KÃ´rÃ´ KÃ´rÃ´ c'est quel nom de famille ? Les vrais maliens ne se cachent pas.,1
2036,TrÃ¨s bien ğŸ’ªğŸ’ªğŸ’ª Allons seulement,1
2037,Bravo les policiers,1
2039,"ne ma se ka ni famuya dÉ›, muna aw bÉ› ka kunnafoniw di wali kan na? Ne hakilila ni bÉ”lÉ”lÉ” fara in kÉ› kun ye walasa ka an ka kan do ba la",1
2041,"TrÃ¨s bien fait. ""La loi et l'ordre""",1
2042,Bravo la police.,1
2043,"Il faut d avantage des prisons car, on enferme les gens mais les idÃ©aux  Que la lutte continue ",1
2044,TrÃ¨s bien,1
2045,MÃªme si un baton les touche ils vont payÃ© Ã§a  chier je t'assure,1
2046,Bravo Ã  la police,1
2047,CissÃ© Moussa MoÃ¯se merci beaucoup Allah ka issara,1
2048,Bamanakan be mine yannn????,1
2049,Merci beaucoup Allah ki Sara,1
2050,Ã‡a c'est pas du bamankan hein,1
2051,Merci la police,1
2052,Vraiment les M5 nous dÃ©ranger,1
2053,Ok,1
2055,IBK dÃ©gagÃ©e bagages c'est tout. ,-1
2056,Ã‡a câ€™est faux ce pas vrai arrÃªtez de dire nâ€™importe quoi fasso Den djiougouw,-1
2057,Merci la police nationale,1
2058,Alors on verra bien lÃ  oÃ¹ Ã§a va terminer quâ€™il arrÃªte tout les jeunes du M5 ,1
2059,TrÃ¨s bien il fallait arrÃ©ter mÃ©me Dicko.,1
2060,Merci M5,1
2061,Yâ€™a koi qui sait passÃ© ,1
2062,La police a arrÃªtÃ© dÃ¨s jeunes ,1
2064,C'est trÃ¨s bien bravo Ã  la police,1
2065,Vive ibk fo 2023,1
2066,Vive la police malienne ,1
2067,vous n'ai autres travail a faire quoi ğŸ˜‚ğŸ˜‚ğŸ˜‚,-1
2068,Ta mere,-1
2069,L'Ã©mir Noir et toi tu n'a pas de mÃ¨re enfant maudit la,-1
2070,Nuil n'es au dessus de la loi,1
2071,Merci la police ğŸ‘® ,1
2072,Qu il soit libÃ©rer immÃ©diatement sinon les familles des ces policiers vont pÃ©ril,1
2076,Il faut identifier les familles des ces policiers vont pÃ©ril,1
2077,Que Dieu sauve notre Maliba,1
2078,L'Ã©mir Noir tu n'a pas honte walay ,-1
2080,Bien fais,1
2081,Merci,1
2083,TrÃ¨s bien fais,1
2084, Abaa.ibk.abaa.son.resim ,-1
2093,Abaa.ibk.abaa.son.resim ,-1
2094,Abaa.ibk.abaa.son.resim ,-1
2095,Abaa.ibk.abaa.son.resim ,-1
2096,Abaa.ibk.abaa.son.resim ,-1
2097,Abaa.ibk.abaa.son.resim ,-1
2098,Abaa.ibk.abaa.son.resim ,-1
2099,Abaa.ibk.abaa.son.resim ,-1
2100,Abaa.ibk.abaa.son.resim ,-1
2101,Abaa.ibk.abaa.son.resim ,-1
2102,Vive m5Rf vive le Mali,1
2103,Bravo la police.,1
2104,C'est maintenant que vous allez voir le vrai visage de la police malienne.,1
2105,Abat la police malin,-1
2106,merci Ã  la Police,1
2107,Il mÃ©rite bien en prison,1
2108,Ibrahim Mamoud Fofana  libÃ©rÃ© pour quel raison il doit rester jusqu'au 2025,1
2109,Mais a yÃ© mogow tÃ´rÃ´ allez y sÃ©bÃ©nikoro pour dÃ©loger le prÃ©sident et laisser la population respirÃ©e,1
2111,Amina,1
2112,Barravo,1
2113,Yâ€™a une majoritÃ© silencieux vive la police du Mali ,1
2114,Si la police a arrÃ©tÃ© les manifestants il faut qu il aille aussi au centre ou au nord pour arrÃªter Amadou kouffa et iyad AG Ali aussi,1
2115,Bravo,1
2118,Trebien.enprison,-1
2123,"C'est pas toi qui dit , qu il dois rester jusqu'Ã  2025 . EnfoirÃ©s",-1
2125,Pourquoi pleurer en faisant appel aux autres.Assumez  ce que vous avez semÃ©.,1
2127,C'est bien ,1
2128,Du courage ,1
2129,Du courage ,1
2130,C'est Ã§a walaye,1
2131,C'est bien ,1
2132,Qu'il dÃ©gage ce prÃ©sident qui n'a mm pas l'amour de son pays,1
2133,La lutte continue FrÃ¨re nous sommes ensemble ,1
2134,Merci m5,1
2135,Aw ni sogoma,1
2136,Courage les frÃ¨res Que Allah vous protÃ©ge,1
2137,vraiment mes felicitations au M5 RFP une strategie assez intelligente,1
2138,Merci les gars ,1
2139,Vive le Mali vive M5 RFP,1
2140,Merci beaucoup ,1
2141,La lutte continue ,1
2143,Courage a vous mes freres,1
2144,Okelendo IBK dÃ©gage ,1
2145,Inchalla bonne chance,1
2146,Vous  Ãªtes des idiots sans travail fout nous la paix,1
2147,Bonne continuation,1
2148,Pourquoi tu ne propose pas un job pour eux ,1
2149,Ko ka population perturbÃ© wa he Allah,1
2150,IBK va partir ,-1
2151,Vous Ãªtes la fiertÃ© bravo ,1
2152,N importe quoi ,-1
2154,Cool Mes amis ,1
2155,ğŸ˜€ğŸ˜€ğŸ˜€ğŸ˜€ n'importe quoi,-1
2156,Nous sommes derriÃ¨re vous,1
2157,Ibk FO 2023 ,1
2158,Y'a rien en face ,1
2160,I B K. Do 2023,1
2162,S'ils font Ã§a c'est juste pour les choses changent que chaque malien soit bien traitÃ©  En plus c'est un combat Pacifique et noble,-1
2163,DÃ©gage ibk ,-1
2165,DÃ©gage ibk,-1
2166,Vous Ãªtes oÃ¹ actuellement ,1
2167,Que le bon Dieu protÃ¨ge le Mali et Maliens,1
2168,Vive ibk,1
2170,Vive M5 ,1
2171,DÃ©gagÃ© ibk ,-1
2173,Nous sommes fier de vous vive le Mali vive la jeunesse ,1
2174,Du courage vie Mali vie people ,1
2175,Dih tout station Il nâ€™a fermÃ© ,1
2176,C'est des gens comme vous qui ont vendu ce pays,1
2177,Allez travailler ce mieux pour vous ,1
2178,Il me semble que toi-mÃªme tu n'as pas de travail,1
2179,Cool,1
2180,Des vaux rien rÃ©unit ,1
2182,Aba la France ,-1
2183,il est fatiguÃ© ton klaxon ğŸ˜„,1
2184,Et toi tu fais quoi en ce temps lÃ  ? Tu n'as pas d travail Ã  faire pathÃ©tique ,-1
2185,Il est chaumage ,-1
2186,OK mais proposer la solution au prÃ©sident ce mieux de dÃ©stabiliser le pay omo approchez vous de lui,-1
2187,J'aimerais vraiment savoir si tu vis au Mali,1
2188,Moi je SS au travail mon frÃ¨re ,1
2189,Des dÃ©linquants,-1
2190,C'est pas comme Ã§a que vous allez trouver du travail bande de lache,1
2191,Câ€™est quoi le sujet,1
2192,Un peux de respect ,1
2193,Va chiÃ©,-1
2194,A ba ibk a ba ibk a ba ibk a ba ibk a ba ,-1
2195,Vous Ãªtes modies,-1
2196,A ba ibk a ba ibk a ba ,-1
2197,Bravo,1
2198,Mon va chie ont dit pas ba mais Ã  part ,-1
2199,Bravo les malien,1
2200,dieu merci moi je travail walaye je ne suis pas la pour ibk mais pour mon pay j'ai peur de la guerre civile dans mon pay maliba,1
2201,Tu as peur de la guerre ,1
2202,Ya pas de monde,1
2203,Bien merci ,1
2204,AprÃ¨s la guerre c'est la paix mn frÃ¨re ,1
2205,Ibk2023,1
2206,MÃªme pas quarantaine de personnes des voleurs,1
2207,Oui bien sur je suis au grand marchÃ© ,1
2208,"Courage, abondonnez pas",1
2210,Toi aussi tu fais partie de la nouvelle M5,1
2211,Faut appeler tes parents,1
2213,Nous sommes au chÃ´mage depuis que IBK est lÃ  ,1
2214,Cliquez le lien pour visiter  ce pages de tÃ©moignages (Svp partager dans 5groupes)  https://www.facebook.com/113322963777802/posts/113603460416419/?app=fbl,1
2215,ğŸ’ªğŸ’ªğŸ’ªğŸ‘,1
2216,Chacun est libre de choisir son camp mais respecter les uns et les autres ,-1
2217,Trouvez une autre solution a la niable ce mieux mes frÃ¨res et soeurs ,-1
2219,vous faites de travail audacieux ,1
2220,Cliquez le lien pour visiter  ce pages de tÃ©moignages (Svp partager dans 5groupes)  https://www.facebook.com/113322963777802/posts/113603460416419/?app=fbl,1
2221,"Nous avons perdu combien de frÃ¨re, combien de soldats sont morts, combien de  famille dÃ©placer",-1
2222,ğŸ¤®ğŸ¤®ğŸ¤®ğŸ¤®ğŸ¤®ğŸ¤®ğŸ¤‘ğŸ¤‘ğŸ¤‘ğŸ¤‘,1
2224,regarde,0
2225,Ibk dÃ©gage bÃ¢tards ,-1
2226,Vive m5 ibk ba,1
2227,Merci beaucoup m5 rfp,1
2228,Ibk tu es tÃªtu hien tu attends quoi pour dÃ©missionner ,0
2229,A bat ibk,-1
2230,vous c'est fatigue pour rien ,-1
2232,Toi tu e malade,-1
2234,Il faut nous montre la situation ,0
2235,iboda boy,-1
2237,Envoyez pas il faut plus mais il faut pas avoir peur,-1
2238,Se ta mÃ¨re que fatiguÃ© pour rien ,-1
2239,La solution c ibk il doit partir,-1
2240,Mais conseillons nos camarades de ne pas toucher les services privÃ©s et les ambassades cela nous expose sinon la stratÃ©gie est trÃ¨s sages ,1
2241,Que dieu vous bÃ©nisse ,1
2242,"Des chÃ´meurs,des badauds ,des vagabonds qui ne foutent rien que  la merde ,qui embÃªtent le monde ,vous allez voir si vous pensez que  c'est comme Ã§a que vous allez construire le Mali .",-1
2243,Vive m5,1
2244,Si tu connais vraiment la paie???,-1
2245,Bravo la jeunesse malienne maintenant il faut avertir les journalistes et les medias internationnaux de la fermeture totale de l'aetoport de Bamako -Senou demain et jusqu'a nouvel ordre. Un gros coup dur qui poussera les occidentaux a demander a IBK de partir,1
2248,"Fermez tout jusquâ€™Ã  nouvel ordre. Ce mouton sans queue , sanguinaire, assassin, criminel et apatride d IBK doit jeter l Ã©ponge . S il ne veut pas dÃ©missionner qu il soit pris vivant ou mort . Il mÃ©rite la mort car il a tuÃ© 23 jeunes mains nues . Il est un assassin criminel!",-1
2249,Ousmane Rashford quel combat pacifique et les gens qui sont empÃªchÃ© pour leur papier Ã  la masirie aujourd'hui qu'est-ce qu'ils vont dire et,0
2250,Oumou Dia Bien sur. Mais tu te trompes walaye. C'est ton incapable de prÃ©sident qui vous embÃªte.,-1
2251,Oui d'accord chÃ´meur. Mais il ya combien de travailleur qui ont payÃ© pour avoir leur travail. Un pays pourri par la corruption. Du n'importe quoi waaaiiii,-1
2252,Ousmane Berthe  cv allez mon frÃ¨re mais avec la sagesse ,1
2253,Bravo,1
2254,Vive le Mali ğŸ‡²ğŸ‡± de kace ibk,1
2255,"Vous ne nourrissent pas les gens, et vous les demandez de rester Ã  la maison pourquoi ?",-1
2256,Merci,1
2257,DÃ©gagÃ© ibk prÃ©sident maudit,-1
2260,C'est Ã©tonnant que il n'y a pas mort ğŸ¤”,-1
2262,On sans fou. Des terroristes ennemis du peuples Maliens. ,-1
2263,Cool,1
2264,"DES CHÃ”MEURS QUI DEMANDENT AUX TRAVAILLEURS DE RESTER Ã€ LA MAISON, QUELLE IRONIE!",-1
2265,Ok,1
2266,"Allez y vous faire foutre des fils de merde. MÃªme Ã¢pres IBK vous resterez des malheureux, les Ã©pines dans vos derriÃ¨res resterons Ã©ternellement. Personne n est responsable de vos malheurs . Fils de merde ",-1
2267,Allahou akbar,1
2268,Bon rÃ©tablissement,1
2269,Bonne guÃ©rison,1
2270,Mais il y a personne on ne voit que le feu oÃ¹ sont t-ils partir ağŸ˜€ğŸ˜€ğŸ˜€,0
2271,BrÃ»lÃ© le bien public c'est une dÃ©sobÃ©issance civile ?,0
2272,Respect,1
2273,merci,1
2274,Vous n'avez mÃªme pas honte de mentir. N'importe quoi,-1
2275,Limame djihadis tu na pas du tout nonble wa i te ali horoye regarde lislame demand la paix a ni sabali a be courane kono les group goro bara on ta rappel de courane jour pace tu reponde au bacare kafiri fima ala djoukou non desole le petite limame,-1
2276,Tu pue rien contre ibk par ce que ile ta donne mange et largan plus ta soiye ces ta bouche qui a dit Ã§a plus an tere ta mama que ce que tu ve de lui horon kolo tasi bali,-1
2278,Je suis lÃ ,0
2280,Hahaha hahaha,0
2281,Ko Mou?,0
2284,OÃ¹ Ã§a,0
2285,OK D'accord ,0
2286,Les fils de nana personne n est responsable de vos malheurs . Vous resterez Ã©ternellement des malheurs fils de merde . La rizee du monde ,-1
2287,Mes frÃ¨res reposez  vous c'est mieux,-1
2290,Ibk dois protÃ¨ger laba d'abord,0
2292,Allah akbar,1
2294,Paix Ã  leurs Ã¢mes,-1
2295,Allah ka hinÃ¨ Ã  tabaw bÃ¨ lajelela,-1
2296,"Binkannikelaw fosi tÃ¨ Mali in kono ni, faransi sordasiw tÃ¨, olu de be tiyÃ¨nin bÃ©e ke Mali Kino!!!!ğŸ˜¡ğŸ˜¡ğŸ˜¡",-1
2297,Col,1
2298,ğŸ‘ğŸ‘ğŸ‘ğŸ‘ğŸ‘ğŸ‘ğŸ‘ğŸ‘ğŸ‘ğŸ‘ğŸ‘ğŸ‘ğŸ‘ğŸ‘ğŸ‘ğŸ‘ğŸ‘ğŸ‘ğŸ‘ğŸ‘ğŸ‘ğŸ‘ğŸ‘ğŸ‘ğŸ‘ğŸ‘ğŸ‘ğŸ‘ğŸ‘ğŸ‘ğŸ‘ğŸ‘ğŸ‘ğŸ‘ğŸ‘ğŸ‘ğŸ‘ğŸ‘ğŸ‘,-1
2299,Appellez au 75 58 31 54,0
2300,DÃ©gagÃ© ibk ,-1
2301,Ibk +Ibk =0000000000,-1
2302,Je vous suit depuis Italie ,0
2309,On dirait un gros village ,0
2310,Diarra Adam's tu n'es plus Malien!,0
2311,Bourama Diarra tâ€™as bien vu mÃªme ,0
2313,ğŸ˜‚ğŸ˜‚ğŸ˜‚ğŸ˜‚ğŸ˜‚ğŸ˜‚,1
2314,Ok,1
